activeFlashBountyId,address,amenities,attributes,capacity,cheatCodeUrl,clockIns,coordinates,currentBuzz,deal,dealEndsIn,description,email,facebook,flashBounties,foodService,fullMenu,gameFeatures,geoLoop,giftCardUrl,happyHour,happyHourMenu,happyHourRules,happyHourSpecials,hasGameVibeCheckEnabled,hasOutdoorSeating,hasPrivateRoom,historySnippet,hours,id,insiderVibe,instagram,isActive,isAllAges,isBoutique,isDogFriendly,isHistoricalAnchor,isLocalMaker,isLowCapacity,isPaidLeagueMember,isSoberFriendly,isVerifiedMaker,isVisible,liveGameStatus,location,managerIds,name,newsletterUrl,originStory,ownerId,partnerConfig,phone,physicalRoom,reservationUrl,scavengerHunts,sceneTags,special_events,status,tier_config,venueType,vibe,vibeDefault,website,weekly_schedule
"fd-w80-01","514 4th Ave E, Olympia, WA 98501, USA",,"{""has_manned_bar"":true,""minors_allowed"":true,""noise_level"":""Social""}","150",,"0","{""x"":55,""y"":85}","{""score"":0,""lastUpdated"":1767436252597}","$2 Pretzels & Cheese","45",,,"https://www.facebook.com/Well80/","{""id"":""fd-w80-01"",""venueId"":""well-80"",""title"":""$2 Pretzels & Cheese"",""description"":""Flash Bounty: $2 Pretzels valid for next 45 mins."",""startTime"":1767459386174,""endTime"":1767462086174,""isApproved"":true,""termsAccepted"":true,""active"":true}","full_kitchen","{""id"":""menu-1"",""name"":""Leopold's #1 Lager"",""type"":""Crisp"",""description"":""The original 1896 recipe. Crisp, clean, and historic."",""stats"":{""abv"":4.8,""ibu"":25,""price"":""$7""},""margin_tier"":""High"",""source"":""Internal_Library"",""status"":""Live"",""last_toggled_at"":1767459386174}, {""id"":""menu-2"",""name"":""Volcanic Ash IPA"",""type"":""Hoppy"",""description"":""Hazy, juicy, and explosive. Citra and Mosaic hops."",""stats"":{""abv"":7.2,""ibu"":65,""price"":""$8""},""margin_tier"":""Medium"",""source"":""Untappd"",""status"":""Live"",""last_toggled_at"":1767459386174}, {""id"":""menu-3"",""name"":""Darkness Imperial Stout"",""type"":""Dark"",""description"":""Aged in bourbon barrels. Thick, chocolatey, and dangerous."",""stats"":{""abv"":11.5,""ibu"":80,""price"":""$12""},""margin_tier"":""High"",""source"":""Manual"",""status"":""Live"",""last_toggled_at"":1767459386174}, {""id"":""menu-4"",""name"":""Truffle Fries"",""type"":""Food"",""description"":""Crispy fries, parmesan, truffle oil, garlic aioli."",""stats"":{""price"":""$9""},""margin_tier"":""High"",""source"":""Manual"",""status"":""Live"",""last_toggled_at"":1767459386174}, {""id"":""menu-5"",""name"":""Seasonal Sour"",""type"":""Sour"",""description"":""Rotating seasonal fruit sour. Ask server for details."",""stats"":{""abv"":5.5,""price"":""$8""},""margin_tier"":""High"",""source"":""Internal_Library"",""status"":""Library"",""last_toggled_at"":1767459386174}","","Downtown_Walkable",,"{""startTime"":""15:00"",""endTime"":""18:00"",""description"":""$1 Off Pints & Leopold Pretzels"",""days"":[""Mon"",""Tue"",""Wed"",""Thu"",""Fri""]}",,,"$1 OFF PINTS & LEOPOLD PRETZELS",,,,"Taste the water (literally) from the original Artesian Well.",,"well-80","It's slick. Maybe too slick? It feels like a brewpub, not a bar—lots of polished concrete and big screens. But you can't argue with the history. Tapping that well is a boss move, and the 'Leopold's #1 Lager' is legit respect to the old school. It's where you go to watch the game, not to hide from the world.","https://www.instagram.com/well80brewing/","true",,,,"true","true",,"true",,"true","true",,"{""lat"":47.0454125,""lng"":-122.8958611}","KU9KvRYzzrZfVU7BV4gaPYAFlKS2","Well 80 Artesian Brewing",,"They literally drilled a hole in the floor to tap into the same mythical aquifer that made Olympia Beer famous in 1896. It's a shiny, high-energy brewpub built directly on top of history, serving crisp lagers made from the 'Water' that put this town on the map.","KU9KvRYzzrZfVU7BV4gaPYAFlKS2","{""tier"":""PRO"",""billingCycleStart"":1704067200000,""flashBountiesUsed"":0,""metaSync"":{""autoPublishEnabled"":false}}",,"true",,,"sports, patio_garden, lgbtq",,"buzzing","{""is_directory_listed"":true,""is_league_eligible"":true}","brewery_taproom","Home of Artie and built on the Artesian Well","BUZZING",,
,"515 Jefferson St SE, Olympia, WA 98501, USA",,"{""has_manned_bar"":true,""minors_allowed"":true,""noise_level"":""Social""}","60",,"0","{""x"":48,""y"":72}","{""score"":0,""lastUpdated"":1767436252598}",,,,,,,"limited_kitchen",,"","Downtown_Walkable",,,,,,,,,,,"ilk-lodge","Pat Jansen is a legend. He ran the brewing at Three Mags, then Matchless, now this. The vibe is 'Twin Peaks meets Skate Rat.' It's cool without trying. And the burgers? Greasy, smashy perfection. This is the soul of downtown brewing.",,"true",,,,,"true",,"true",,"true","true",,"{""lat"":47.0438219,""lng"":-122.8966382}",,"Ilk Lodge",,"The former brewers of Matchless and Three Magnets took over this iconic corner. Now it's a 'lodge' serving high-technique ales and arguably the best smash burgers in the county, resurrecting an iconic spot in Olympia nightlife.",,,,"true",,,"dive",,"chill","{""is_directory_listed"":true,""is_league_eligible"":true}","brewery_taproom","Twin Peaks meets Skate Rat","CHILL",,
,"600 Franklin St SE STE 105, Olympia, WA 98501, USA",,"{""has_manned_bar"":true,""minors_allowed"":true,""noise_level"":""Social""}","100",,"0","{""x"":52,""y"":65}","{""score"":0,""lastUpdated"":1767436252598}",,,,,,,"full_kitchen",,"","Downtown_Walkable",,,,,,,,,,,"three-magnets","The center of the 'Sober Squad' league track. Home of 'Self Care' non-alcoholic beer and Scherler Sundays.",,"true",,,,,"true",,"true","true","true","true",,"{""lat"":47.0431532,""lng"":-122.8985261}",,"Three Magnets Brewing Co.",,"Sara and Nate Reilly built a 'Third Place' for Olympia. Their pivot to 'Self Care' (a non-alcoholic line) has made them a national player in the sober-curious movement.",,,,"true",,,"",,"buzzing","{""is_directory_listed"":true,""is_league_eligible"":true}","brewery_taproom","The Community Hub & NA Pioneers","BUZZING",,
,"728 4th Ave E, Olympia, WA 98506, USA",,"{""has_manned_bar"":true,""minors_allowed"":true,""noise_level"":""Conversational""}","30",,"0","{""x"":60,""y"":40}","{""score"":0,""lastUpdated"":1767436252598}",,,,,,,"none_byof",,"","Downtown_Walkable",,,,,,,,,,,"whitewood-cider","The Teeny Tiny Taproom is the definition of cool. It's barely a room. You sit on the patio, you drink cider that tastes like actual apples, not candy. It's legit. No frills, just product.",,"true",,"true",,,"true","true","true",,"true","true",,"{""lat"":47.0456449,""lng"":-122.8933449}",,"Whitewood Cider Co.",,"Dave White was writing about cider before anyone was drinking it. He founded the Northwest Cider Association and then put his money where his mouth was, creating a 'Teeny Tiny Taproom' in downtown Oly that is smaller than most walk-in closets but pours the most respected heirloom ciders in the state. They recently moved production to Tenino, but the heart remains in that tiny room on 4th Ave.",,,,"true",,,"",,"chill","{""is_directory_listed"":true,""is_league_eligible"":true}","brewery_taproom","The Teeny Tiny Taproom",,,
,"222 Capitol Way N, Olympia, WA 98501, USA",,"{""has_manned_bar"":true,""minors_allowed"":true,""noise_level"":""Conversational""}","40",,"0","{""x"":65,""y"":45}","{""score"":0,""lastUpdated"":1767436252597}",,,,,,,"snacks",,"","Downtown_Walkable",,,,,,,,,,,"endless-sound-cellars","A sleek, industrial cellar feel inside the 222 Market. Perfect for a sophisticated evening flight.",,"true",,,,,"true",,"true",,"true","true",,"{""lat"":47.0463706,""lng"":-122.9017466}",,"Endless Sound Cellars",,"Mark Bosso brought his winemaking chops from Woodinville to the heart of downtown Olympia. It's the perfect 'urban winery' experience.",,,,"true",,,"wine_focus",,"chill","{""is_directory_listed"":true,""is_league_eligible"":true}","bar_pub","The Urban Cellar",,,
,"8036 River Dr SE #208, Tumwater, WA 98501, USA",,"{""has_manned_bar"":true,""minors_allowed"":true,""noise_level"":""Social""}","100",,"0","{""x"":50,""y"":15}","{""score"":0,""lastUpdated"":1767436252598}",,,,,,,"snacks",,"","Warehouse_Tumwater",,,,,,,,,,,"matchless-brewing","The branding is incredible. Best cans in the county. The vibe in the taproom is industrial but energetic. It feels like a place where beer nerds congregate. It's legit.",,"true",,,,,"true",,"true",,"true","true",,"{""lat"":46.9709605,""lng"":-122.8848636}",,"Matchless Brewing",,"Born from the creative minds of Three Magnets alumni, Matchless exploded onto the scene with branding that looks like an 80s synth-pop album cover and beer that pushes every boundary. They don't just make IPAs; they make hazy, juicy, complex hop-bombs that win awards and wreck palates in the best way possible.",,,,"true",,,"",,"buzzing","{""is_directory_listed"":true,""is_league_eligible"":true}","brewery_taproom","The Hype Beast; 80s Synth-Pop Vibes",,,
,"8036 River Dr SE #203, Tumwater, WA 98501, USA",,"{""has_manned_bar"":true,""minors_allowed"":true,""noise_level"":""Conversational""}","60",,"0","{""x"":51,""y"":16}","{""score"":0,""lastUpdated"":1767436252598}",,,,,,,"none_byof",,"","Warehouse_Tumwater",,,,,,,,,,,"triceratops-brewing","The Strawberry Golden is a gateway drug for my wine drinkers. It's sophisticated enough, not cloyingly sweet. It allows a wine drinker to participate in a brewery crawl without grimacing.",,"true",,,,,"true",,"true",,"true","true",,"{""lat"":46.9705735,""lng"":-122.8846254}",,"Triceratops Brewing Company",,"Rob and Kelly Horn moved here from New Jersey and started brewing in their garage before taking over a warehouse space near the airport. Named after their three kids (the 'three horns'), they brew approachable, dangerously drinkable beers like the 'Strawberry Golden Ale' that convert even non-beer drinkers.",,,,"true",,,"",,"chill","{""is_directory_listed"":true,""is_league_eligible"":true}","brewery_taproom","Approachably dangerous, family founded",,,
,"2442 Mottman Rd SW, Tumwater, WA 98512, USA",,"{""has_manned_bar"":true,""minors_allowed"":true,""noise_level"":""Conversational""}",,,"0","{""x"":20,""y"":90}","{""score"":0,""lastUpdated"":1767436252598}",,,"A small-batch brewery focused on high-quality, approachable beers in a relaxed, family-friendly environment.",,,,"snacks",,"{""id"":""trivia-1"",""type"":""arcade_game"",""name"":""Digital Trivia"",""count"":1,""status"":""active""}","Downtown_Walkable",,,"{""id"":""rhh-1"",""name"":""All Pints"",""price"":""$1 Off"",""category"":""Drink""}","{""id"":""hh-rainwater-1"",""name"":""Brewer's Happy Hour"",""days"":[""Tue"",""Wed"",""Thu""],""startTime"":""16:00"",""endTime"":""18:00"",""description"":""$1 Off All Pints""}",,,"true",,,,"rainwater-brewing","Rainwater is the neighborhood's living room. It's often quieter than the big downtown spots, which makes it perfect for a long conversation over a sample flight. The brewers are almost always around and love to talk shop. The outdoor space is a hidden gem.","https://www.instagram.com/rainwaterbrewing/","true","true",,"true",,,,"true","true",,"true",,"{""lat"":47.0256942,""lng"":-122.9340321}",,"Rainwater Brewing",,"Founded by local brewing enthusiasts with a passion for the Pacific Northwest's rich water resources, Rainwater Brewing seeks to capture the essence of the region in every pint.",,,"(360) 915-7798",,,,"sports, patio_garden, lgbtq",,"chill","{""is_directory_listed"":true,""is_league_eligible"":true}","brewery_taproom","Relaxed and community-focused brewing space.",,"https://rainwaterbrewing.com/","{""wednesday"":[""Trivia Night""]}"
,"4242 Capitol Blvd SE Suite 100, Olympia, WA 98502, USA",,"{""has_manned_bar"":true,""minors_allowed"":true,""noise_level"":""Loud/Music""}",,,"0","{""x"":48,""y"":12}","{""score"":0,""lastUpdated"":1767436252598}",,,,,,,"full_kitchen",,"","Warehouse_Tumwater",,,,,,,,,,,"mount-olympus","Aberdeen grit in a polished Tumwater building. Rowdy in a good way, designed for loud laughs and big groups.",,"true",,,,,"true",,"true",,"true","true",,"{""lat"":47.009579,""lng"":-122.9054629}",,"Mount Olympus Brewing (Tumwater Taps)",,"A martial arts-loving brewery from Aberdeen that decided to conquer the valley. They are the new anchor of the Tumwater Craft District.",,,,"true",,,"",,"buzzing","{""is_directory_listed"":true,""is_league_eligible"":true}","brewery_taproom","The District Anchor; Aberdeen Grit",,,
,"8343 Hogum Bay Ln NE, Lacey, WA 98516, USA",,"{""has_manned_bar"":true,""minors_allowed"":true,""noise_level"":""Conversational""}",,,"0","{""x"":85,""y"":15}","{""score"":0,""lastUpdated"":1767436252598}",,,,,,,"snacks",,"","Destination_Quest",,,,,,,,,,,"top-rung","It's in a warehouse district in Lacey. It's not 'cool' in the hipster sense, but it's honest. It's where you go after a shift. I respect it. No pretense.",,"true",,,,,"true",,"true",,"true","true",,"{""lat"":47.0758683,""lng"":-122.7632286}",,"Top Rung Brewing Company",,"Founded by Casey Sobol and Jason Stoltz, two career firefighters who spent their downtime perfecting recipes, this Lacey brewery is built on service, precision, and the brotherhood of the firehouse. It's an unpretentious warehouse taproom where the 'My Dog Scout Stout' has won more medals than most generals.",,,,"true",,,"",,"chill","{""is_directory_listed"":true,""is_league_eligible"":true}","brewery_taproom","The Outpost; precision and brotherhood",,,
,"842 Wright Rd SE, Tenino, WA 98589, USA",,"{""has_manned_bar"":true,""minors_allowed"":true,""noise_level"":""Conversational""}",,,"0","{""x"":70,""y"":10}","{""score"":0,""lastUpdated"":1767436252598}",,,,,,,"snacks",,"","Destination_Quest",,,,,,,,,,,"sandstone-distillery","A world-class educational stop. The bacon whiskey is a conversation starter, but the gin is the real deal.",,"true",,,,,"true",,"true",,"true","true",,"{""lat"":46.8696146,""lng"":-122.9033859}",,"Sandstone Distillery",,"John Bourdon built a shrine to Tenino's stone-carving history. Grain-to-glass ruggedness fueled by locally grown grain and cooled by rainwater.",,,,"true",,,"cocktail_focus",,"chill","{""is_directory_listed"":true,""is_league_eligible"":true}","bar_pub","The Pilgrimage; Rugged and Authentic",,,
,"19770 Sargent Rd SW, Rochester, WA 98579, USA",,"{""has_manned_bar"":true,""minors_allowed"":true,""noise_level"":""Social""}",,,"0","{""x"":10,""y"":10}","{""score"":0,""lastUpdated"":1767436252598}",,,,,,,"full_kitchen",,"","Destination_Quest",,,,,,,,,,,"talking-cedar","It took an act of Congress to build this. A monument to sovereignty and spirits, partnering with Heritage to build a state-of-the-art facility.",,"true",,,,,"true",,"true",,"true","true",,"{""lat"":46.80186459999999,""lng"":-123.0155105}",,"Talking Cedar",,"The Chehalis Tribe fought to repeal an 1834 law banning distilleries on tribal land. It is a massive facility dedicated to craft and heritage.",,,,"true",,,"",,"buzzing","{""is_directory_listed"":true,""is_league_eligible"":true}","brewery_taproom","The Monument; Sovereign Spirits",,,
,"2633 Willamette Dr NE suite b, Lacey, WA 98516, USA",,"{""has_manned_bar"":true,""minors_allowed"":true,""noise_level"":""Conversational""}",,,"0","{""x"":82,""y"":22}","{""score"":0,""lastUpdated"":1767436252597}",,,,,,,"none_byof",,"","Destination_Quest",,,,,,,,,,,"axis-meads"," Spicy habanero and ginger meads that drink like cocktails. Located in the heart of Lacey's industrial zone.",,"true",,,,,"true",,"true",,"true","true",,"{""lat"":47.07206,""lng"":-122.7566436}",,"Axis Meads",,"Born from the back room of the legendary Skep & Skein. Dave Ross crafts meads that destroy the cloyingly sweet stereotype.",,,,"true",,,"wine_focus",,"chill","{""is_directory_listed"":true,""is_league_eligible"":true}","bar_pub","The Rare Drop; Spiced Honey Adventures",,,
,"2641 Willamette Dr NE ste e, Lacey, WA 98516, USA",,"{""has_manned_bar"":true,""minors_allowed"":true,""noise_level"":""Conversational""}",,,"0","{""x"":83,""y"":25}","{""score"":0,""lastUpdated"":1767436252598}",,,,,,,"snacks",,"","Destination_Quest",,,,,,,,,,,"stottle-winery","High quality product. Josh knows his chemistry. It appeals to the 'Wine Snob' demographic.",,"true",,,,,"true",,"true",,"true","true",,"{""lat"":47.0723435,""lng"":-122.7567125}",,"Stottle Winery",,"Josh Stottlemyer traded web development for winemaking, setting up shop in a Lacey industrial park to prove you don't need a chateau to make world-class Syrah. It's a serious winery for serious wine drinkers, stripping away the pretension to focus entirely on what's in the glass.",,,,"true",,,"wine_focus",,"chill","{""is_directory_listed"":true,""is_league_eligible"":true}","bar_pub","The Industrial Anchor; Serious chemistry",,,
,"947 Old Pacific Hwy SE, Olympia, WA 98513, USA",,"{""has_manned_bar"":true,""minors_allowed"":true,""noise_level"":""Conversational""}",,,"0","{""x"":90,""y"":30}","{""score"":0,""lastUpdated"":1767436252598}",,,,,,,"snacks",,"","Destination_Quest",,,,,,,,,,,"medicine-creek","Jim Myers (a dentist with a cowboy soul) transformed a potato barn into an 1800s New Orleans brothel-themed tasting room.",,"true",,,,,"true",,"true",,"true","true",,"{""lat"":47.04848,""lng"":-122.712242}",,"Medicine Creek Winery",,"Operating in the Nisqually Valley, this is a stagecoach-stop fantasy come to life, pouring big, bold Washington reds.",,,,"true",,,"wine_focus",,"chill","{""is_directory_listed"":true,""is_league_eligible"":true}","bar_pub","The Hideaway; Stagecoach-stop fantasy",,,
,"Downtown Olympia (Ghost Brewery), WA 98501",,"{""has_manned_bar"":true,""minors_allowed"":true,""noise_level"":""Conversational""}",,,"0","{""x"":80,""y"":20}","{""score"":0,""lastUpdated"":1767436252597}",,,,,,,"none_byof",,"","Destination_Quest",,,,,,,,,,,"elk-pond-ales","We can't send people to them. They don't exist as a venue. But we can gamify the hunt. 'Find the Elk'—extra points for checking in a pint of Elk Pond at a partner bar. It encourages exploration of other venues.",,"true",,,,,"true",,"true",,"true","true",,"{""lat"":47.0438,""lng"":-122.8961}",,"Elk Pond Craft Ales",,"The 'Ghost Brewery' of Olympia. The Wilkinson family built a dedicated micro-brewery on their property in 2023, but they don't open their doors to the public. You have to hunt for their kegs at local taverns like Pints Barn or Character's Corner to taste their 'Gold Craft' creations.",,,,"false",,"{""title"":""Find the Elk!"",""partnerVenues"":[""brotherhood-lounge""],""badgeId"":""elk-pond-finder""}","",,"chill","{""is_directory_listed"":true,""is_league_eligible"":true}","brewery_taproom","The Easter Egg; Scavenger Hunt Target",,,
,"119 Capitol Way N, Olympia, WA 98501, USA","Pool, Shuffleboard","{""has_manned_bar"":true,""minors_allowed"":false,""noise_level"":""Loud/Music""}",,"/history/tunnels-of-olympia","0","{""x"":45,""y"":55}","{""score"":0,""lastUpdated"":1767436252597}",,,,,,,"none_byof",,"{""id"":""pool_1"",""type"":""pool_table"",""name"":""Pool Table"",""count"":1,""status"":""active""}, {""id"":""shuffleboard_1"",""type"":""shuffleboard"",""name"":""Shuffleboard Table"",""count"":1,""status"":""active""}, {""id"":""arcade_1"",""type"":""arcade_game"",""name"":""Retro Arcade Game"",""count"":1,""status"":""active""}","Downtown_Walkable",,"{""startTime"":""16:00"",""endTime"":""19:00"",""description"":""$4 Wells & $1 Off Drafts"",""days"":[""Mon"",""Tue"",""Wed"",""Thu"",""Fri"",""Sat"",""Sun""]}",,,,"true",,,"Rumored entrance to the tunnels and Oly's oldest bar.",,"brotherhood-lounge",,,"true",,,,"true",,,"true",,,"true","{}","{""lat"":47.0454467,""lng"":-122.9019352}",,"The Brotherhood Lounge",,,,,,"true",,,"dive",,"buzzing","{""is_directory_listed"":true,""is_league_eligible"":true}","bar_pub","Industrial grit, stiff drinks, and shuffleboard.",,"https://thebrotherhoodlounge.com/",
,"418 4th Ave E, Olympia, WA 98501, USA",,"{""has_manned_bar"":true,""minors_allowed"":false,""noise_level"":""Loud/Music""}",,,"0","{""x"":40,""y"":50}","{""score"":0,""lastUpdated"":1767436252598}",,,,,,,"none_byof",,"{""id"":""pool_1"",""type"":""pool_table"",""name"":""Pool Table"",""count"":2,""status"":""active""}, {""id"":""darts_1"",""type"":""darts"",""name"":""Darts"",""count"":2,""status"":""active""}","Downtown_Walkable",,,,,,,,,,,"mccoys-tavern",,,"true",,,,,,,"true",,,"true",,"{""lat"":47.0453072,""lng"":-122.89715}",,"McCoy’s Tavern",,,,,,,,,"dive","{""id"":""evt-mccoys-1"",""title"":""The Olson Bros Band"",""date"":""2026-01-03"",""startTime"":""20:00"",""type"":""music"",""is_featured"":true,""description"":""Live Country Rock from the PNW.""}, {""id"":""evt-mccoys-2"",""title"":""Halloween Bash"",""date"":""2025-10-31"",""startTime"":""21:00"",""type"":""special"",""description"":""Costume contest and spooky vibes.""}","buzzing","{""is_directory_listed"":true,""is_league_eligible"":true}","bar_pub","The legendary downtown dive. No frills.",,,
,"410 4th Ave E, Olympia, WA 98501, USA",,"{""has_manned_bar"":true,""minors_allowed"":false,""noise_level"":""Social""}",,,"0","{""x"":60,""y"":60}","{""score"":0,""lastUpdated"":1767436252597}",,,,,,,"snacks",,"{""id"":""pool_1"",""type"":""pool_table"",""name"":""Pool Table"",""count"":2,""status"":""active""}, {""id"":""shuffleboard_1"",""type"":""shuffleboard"",""name"":""Shuffleboard"",""count"":1,""status"":""active""}","Downtown_Walkable",,,,,,,,,,,"eastside-club-tavern",,,"true",,,,,,,"true",,,"true",,"{""lat"":47.0452717,""lng"":-122.8975314}",,"The Eastside Club Tavern",,,,,,,,,"dive",,"chill","{""is_directory_listed"":true,""is_league_eligible"":true}","bar_pub","Old school olympia. Great beer selection.",,"http://www.theeastsideclub.com/",
,"118 4th Ave E, Olympia, WA 98501, USA",,"{""has_manned_bar"":true,""minors_allowed"":false,""noise_level"":""Conversational""}",,,"0","{""x"":35,""y"":45}","{""score"":0,""lastUpdated"":1767436252598}",,,,,,,"snacks",,"","Downtown_Walkable",,,,,,,,,,,"shiny-prize",,,"true",,,,,,,"true",,,"true",,"{""lat"":47.0450485,""lng"":-122.9008224}",,"Shiny Prize",,,,,,"true",,,"cocktail_focus, dive",,"chill","{""is_directory_listed"":true,""is_league_eligible"":true}","bar_pub","Mid-century modern aesthetic with top-tier cocktails.",,"https://www.shinyprize.com/",
,"109 Legion Way SW, Olympia, WA 98501, USA",,"{""has_manned_bar"":true,""minors_allowed"":true,""noise_level"":""Social""}",,,"0","{""x"":42,""y"":52}","{""score"":0,""lastUpdated"":1767436252598}",,,"A popular downtown spot known for its welcoming atmosphere, great food, and spacious outdoor patio. Nicole's is a go-to for sports fans and those looking for a buzzing vibe.",,"https://www.facebook.com/nicolesbarolympia/",,"full_kitchen",,"{""id"":""darts-1"",""type"":""darts"",""name"":""Steel Tip Darts"",""count"":2,""status"":""active""}","Downtown_Walkable",,,"{""id"":""hhm-1"",""name"":""Domestic Cans"",""price"":""$2"",""category"":""Drink""}, {""id"":""hhm-2"",""name"":""Basket Specials"",""price"":""Varies"",""category"":""Food""}","{""id"":""hh-nicoles-1"",""name"":""Afternoon Happy Hour"",""days"":[""Mon"",""Tue"",""Wed"",""Thu"",""Fri""],""startTime"":""15:30"",""endTime"":""18:30"",""description"":""$2 Domestic Cans & Basket Specials""}",,,"true",,,"{""Mon"":{""open"":""11:00"",""close"":""00:00""},""Tue"":{""open"":""11:00"",""close"":""00:00""},""Wed"":{""open"":""11:00"",""close"":""00:00""},""Thu"":{""open"":""11:00"",""close"":""02:00""},""Fri"":{""open"":""11:00"",""close"":""02:00""},""Sat"":{""open"":""11:00"",""close"":""02:00""},""Sun"":{""open"":""11:00"",""close"":""00:00""}}","nicoles-bar","Nicole's is where the locals go. It's got that perfect balance of being a sports bar without being *just* a sports bar. The patio is one of the best in town, and the staff actually knows your name. It's unpretentious and consistently good.","https://www.instagram.com/nicolesbarolympia/","true","true",,"true",,,,"true","true",,"true",,"{""lat"":47.043079,""lng"":-122.9019064}",,"Nicole's Bar",,"Established as a cornerstone of the downtown Olympia bar scene, Nicole's has built a reputation for its inclusivity and commitment to providing a top-tier experience for every guest.",,,"(360) 915-9262",,,,"sports, patio_garden, lgbtq",,"buzzing","{""is_directory_listed"":true,""is_league_eligible"":true}","restaurant_bar","Active and welcoming with a great neighborhood feel.",,"https://nicolesbar.com/","{""monday"":[""Monday Night Football (Seasonal)""],""sunday"":[""NFL Sunday Ticket""]}"
,"421 4th Ave E, Olympia, WA 98501, USA",,"{""has_manned_bar"":true,""minors_allowed"":false,""noise_level"":""Loud/Music""}",,,"0","{""x"":38,""y"":48}","{""score"":0,""lastUpdated"":1767436252597}",,,,,,,"none_byof",,"","Downtown_Walkable",,,,,,,,,,,"cryptatropa-bar",,,"true",,,,,,,"true",,,"true",,"{""lat"":47.0450454,""lng"":-122.8969984}",,"Cryptatropa Bar",,,,,,"true",,,"cocktail_focus",,"chill","{""is_directory_listed"":true,""is_league_eligible"":true}","lounge_club","Goth-industrial haven. Dark and moody.",,"https://www.thecryptbar.com/",
,"311 4th Ave E, Olympia, WA 98501, USA",,"{""has_manned_bar"":true,""minors_allowed"":true,""noise_level"":""Social""}",,,"0","{""x"":41,""y"":51}","{""score"":0,""lastUpdated"":1767436252598}",,,,,,,"full_kitchen",,"","Downtown_Walkable",,,,,,,,,,,"jakes-on-4th",,,"true",,,,,,,"true",,,"true",,"{""lat"":47.0448704,""lng"":-122.8985933}",,"Jake’s on 4th",,,,,,"true",,,"dive, sports",,"buzzing","{""is_directory_listed"":true,""is_league_eligible"":true}","bar_pub","Classic bar returned to its roots.",,"https://www.southsoundreport.com/p/jake-s-on-4th-returns-to-downtown-olympia",
,"404 Washington St SE, Olympia, WA 98501, USA",,"{""has_manned_bar"":true,""minors_allowed"":false,""noise_level"":""Conversational""}",,,"0","{""x"":44,""y"":54}","{""score"":0,""lastUpdated"":1767436252598}",,,,,,,"none_byof",,"","Downtown_Walkable",,,,,,,,,,,"filibuster",,,"true",,,,,,,"true",,,"true",,"{""lat"":47.0447222,""lng"":-122.9001935}",,"Filibuster",,,,,,"true",,,"cocktail_focus",,"chill","{""is_directory_listed"":true,""is_league_eligible"":true}","bar_pub","Upscale cocktails and lounge atmosphere.",,"https://filibusterlounge.com/",
,"404 Washington St SE, Olympia, WA 98501, USA",,"{""has_manned_bar"":true,""minors_allowed"":false,""noise_level"":""Social""}",,,"0","{""x"":46,""y"":56}","{""score"":0,""lastUpdated"":1767436252597}",,,,,,,"snacks",,"","Downtown_Walkable",,,,,,,,,,,"cheeky-martini-lounge",,,"true",,,,,,,"true",,,"true",,"{""lat"":47.0447176,""lng"":-122.9002862}",,"Cheeky Martini Lounge",,,,,,"true",,,"cocktail_focus",,"chill","{""is_directory_listed"":true,""is_league_eligible"":true}","lounge_club","Martinis and music.",,"https://www.cheekymartinilounge.com/",
,"312 Columbia St NW, Olympia, WA 98501, USA",,"{""has_manned_bar"":true,""minors_allowed"":true,""noise_level"":""Social""}",,,"0","{""x"":30,""y"":40}","{""score"":0,""lastUpdated"":1767436252598}",,,,,,,"snacks",,"","Downtown_Walkable",,,,,,,,,,,"oly-taproom",,,"true",,,,,,,"true",,,"true",,"{""lat"":47.0469447,""lng"":-122.9028351}",,"Oly Taproom",,,,,,"true",,,"",,"chill","{""is_directory_listed"":true,""is_league_eligible"":true}","brewery_taproom","Massive selection of taps by the water.",,"https://www.olytaproom.com/",
,"825 Columbia St SW, Olympia, WA 98501, USA",,"{""has_manned_bar"":true,""minors_allowed"":false,""noise_level"":""Conversational""}",,,"0","{""x"":28,""y"":38}","{""score"":0,""lastUpdated"":1767436252598}",,,"An award-winning wine and cocktail bar perched above Capitol Lake, offering a sophisticated yet comfortable atmosphere and an extensive selection of wines and spirits.","info@swingwinebar.com","https://www.facebook.com/swingwinebar/",,"full_kitchen",,,"Downtown_Walkable","https://www.giftly.com/gift-card/swing-wine-bar-and-cafe-olympia",,"{""id"":""shh-1"",""name"":""House Red/White"",""price"":""$7"",""category"":""Drink""}, {""id"":""shh-2"",""name"":""Truffle Popcorn"",""price"":""$5"",""category"":""Food""}","{""id"":""hh-swing-1"",""name"":""Sunset Happy Hour"",""days"":[""Mon"",""Tue"",""Wed"",""Thu""],""startTime"":""16:00"",""endTime"":""18:00"",""description"":""Select Wine & Appetizer Specials""}",,,"true","true",,"{""Mon"":{""open"":""16:00"",""close"":""21:00""},""Tue"":{""open"":""16:00"",""close"":""21:00""},""Wed"":{""open"":""16:00"",""close"":""21:00""},""Thu"":{""open"":""16:00"",""close"":""22:00""},""Fri"":{""open"":""16:00"",""close"":""22:00""},""Sat"":{""open"":""16:00"",""close"":""22:00""},""Sun"":{""open"":""16:00"",""close"":""21:00""}}","swing-wine-bar","Swing is the best 'date night' spot in Olympia, period. The view of Capitol Lake at sunset from the patio is unbeatable. It feels grown-up without being stuffy. The cocktail program is just as strong as the wine list—don't sleep on their seasonal specials.","https://www.instagram.com/swingwinebar/","true","false",,"true",,,,"true","true",,"true",,"{""lat"":47.04065250000001,""lng"":-122.9025023}",,"Swing Wine Bar",,"Born from a love of fine wine and great company, Swing has become an Olympia landmark, celebrated for its curated cellar and elevated small plates.",,,"(360) 357-9464",,"https://www.opentable.com/restref/client/?rid=105553",,"wine_focus, cocktail_focus, patio_garden",,"chill","{""is_directory_listed"":true,""is_league_eligible"":false}","restaurant_bar","Sophisticated and romantic with exceptional views.",,"https://swingwinebar.com/","{""tuesday"":[""Wine Tasting Tuesday""]}"
,"430 Washington St SE, Olympia, WA 98501, USA",,"{""has_manned_bar"":true,""minors_allowed"":true,""noise_level"":""Conversational""}",,,"0","{""x"":50,""y"":60}","{""score"":0,""lastUpdated"":1767436252598}",,,,,,,"snacks",,"","Downtown_Walkable",,,,,,,,,,,"rumors-wine-bar",,,"true",,,,,,,"true",,,"true",,"{""lat"":47.0442392,""lng"":-122.9002223}",,"Rumors Wine Bar",,,,,,"true",,,"wine_focus",,"chill","{""is_directory_listed"":true,""is_league_eligible"":true}","bar_pub","Cozy spot for wine lovers.",,"https://www.rumorswinebar.com/",
,"401 Columbia St NW, Olympia, WA 98501, USA",,"{""has_manned_bar"":true,""minors_allowed"":true,""noise_level"":""Conversational""}",,,"0","{""x"":52,""y"":62}","{""score"":0,""lastUpdated"":1767436252598}",,,"Serving up wine and smiles to Olympia and beyond. We offer a uniquely curated selection of retail wine with an emphasis on small-production winemakers from the US and around the globe. Join us for tastings every Saturday from 12-5!","thewineloftoly@gmail.com","https://www.facebook.com/TheWineLoftOly",,"snacks",,,"Downtown_Walkable",,,,,,,,,,"{""Mon"":{""open"":""11:00"",""close"":""16:00""},""Tue"":{""open"":""11:00"",""close"":""18:00""},""Wed"":{""open"":""11:00"",""close"":""18:00""},""Thu"":{""open"":""11:00"",""close"":""18:00""},""Fri"":{""open"":""11:00"",""close"":""18:00""},""Sat"":{""open"":""11:00"",""close"":""18:00""},""Sun"":{""open"":""11:00"",""close"":""16:00""}}","the-wine-loft","The Wine Loft is one of those 'if you know, you know' spots. It's upstairs, quiet, and absolutely packed with character. Maggie and the team are incredibly knowledgeable—this isn't a place for mass-produced labels. It's for finding that one bottle you'll remember for years. Their Saturday tastings are a local institution.",,"true","true",,,,,,"true",,,"true",,"{""lat"":47.0474688,""lng"":-122.9034684}",,"The Wine Loft","https://mailchi.mp/fe8cbe0436cc/54de54v2sn","A cornerstone of the downtown Olympia wine scene, The Wine Loft has dedicated years to championing independent winemakers and providing a sophisticated sanctuary for wine lovers.",,,"(360) 754-6208",,,,"wine_focus, sophisticated, chill",,"chill","{""is_directory_listed"":true,""is_league_eligible"":true}","restaurant_bar","Intimate loft setting for curated wine tastings and retail.",,"https://www.facebook.com/TheWineLoftOly","{""saturday"":[""Saturday Tastings (12:00 PM - 5:00 PM)""]}"
,"109 State Ave NE, Olympia, WA 98501, USA",,"{""has_manned_bar"":true,""minors_allowed"":true,""noise_level"":""Loud/Music""}",,,"0","{""x"":55,""y"":55}","{""score"":0,""lastUpdated"":1767436252598}",,,,,,,"snacks",,"{""id"":""arcade_1"",""type"":""arcade_game"",""name"":""Retro Arcade Cabinet"",""count"":10,""status"":""active""}, {""id"":""pinball_1"",""type"":""pinball_machine"",""name"":""Pinball"",""count"":5,""status"":""active""}, {""id"":""skeeball_1"",""type"":""skeeball"",""name"":""Skee-ball"",""count"":2,""status"":""active""}","Downtown_Walkable",,,,,,,,,,,"legends-arcade",,,"true",,,,,,,"true",,,"true",,"{""lat"":47.0456863,""lng"":-122.9014348}",,"Legends Arcade",,,,,,"true",,,"",,"buzzing","{""is_directory_listed"":true,""is_league_eligible"":true}","arcade_bar","Retro arcade games and beer.",,"https://www.legends-arcade.com/",
,"311 Capitol Way N, Olympia, WA 98501, USA",,"{""has_manned_bar"":true,""minors_allowed"":true,""noise_level"":""Social""}",,,"0","{""x"":60,""y"":50}","{""score"":0,""lastUpdated"":1767436252598}",,,,,,,"full_kitchen",,"","Downtown_Walkable",,,,,,,,,,,"the-cove",,,"true",,,,,,,"true",,,"true",,"{""lat"":47.046916,""lng"":-122.9021593}",,"The Cove",,,,,,"true",,,"dive",,"chill","{""is_directory_listed"":true,""is_league_eligible"":true}","bar_pub","Local favorite.",,"https://www.coveolympia.com/",
,"114 4th Ave E, Olympia, WA 98501, USA",,"{""has_manned_bar"":true,""minors_allowed"":true,""noise_level"":""Conversational""}",,,"0","{""x"":45,""y"":45}","{""score"":0,""lastUpdated"":1767436252598}",,,,,,,"full_kitchen",,"","Downtown_Walkable",,,,,,,,,"Sit in the original booths where the loggers drank.",,"mcmenamins-spar-cafe",,,"true",,,,"true",,,"true",,,"true",,"{""lat"":47.045039,""lng"":-122.90096}",,"McMenamins Spar Cafe",,,,,,"true",,,"dive",,"chill","{""is_directory_listed"":true,""is_league_eligible"":false}","restaurant_bar","Historic McMenamins vibe.",,"https://www.mcmenamins.com/spar-cafe",
"fb-hannahs-active","123 5th Ave SW, Olympia, WA 98501, USA",,"{""has_manned_bar"":true,""minors_allowed"":true,""noise_level"":""Loud/Music""}",,,"0","{""x"":50,""y"":50}","{""score"":85,""lastUpdated"":1767436252597}",,,"A legendary downtown Olympia fixture since 1935, Hannah's offers classic pub fare, a massive selection of spirits, and a vibe that's unchanged by time (in the best way possible).",,"https://www.facebook.com/hannahsoly/","{""id"":""fb-hannahs-active"",""venueId"":""hannahs"",""title"":""Midnight Burger Special"",""description"":""$10 Burger & Fries for the late crowd."",""startTime"":1704499200000,""endTime"":1770000000000,""isApproved"":true,""active"":true}","full_kitchen",,"{""id"":""pool-1"",""type"":""pool_table"",""name"":""Valley Pool Table"",""count"":2,""status"":""active""}, {""id"":""darts-1"",""type"":""darts"",""name"":""Electronic Darts"",""count"":1,""status"":""active""}","Downtown_Walkable",,,"{""id"":""hhh-1"",""name"":""Well Drinks"",""price"":""$5"",""category"":""Drink""}, {""id"":""hhh-2"",""name"":""Draft Pints"",""price"":""$1 Off"",""category"":""Drink""}","{""id"":""hh-hannahs-1"",""name"":""Daily Happy Hour"",""days"":[""Mon"",""Tue"",""Wed"",""Thu"",""Fri""],""startTime"":""15:00"",""endTime"":""18:00"",""description"":""Classic drink and appetizer specials""}, {""id"":""hh-hannahs-late"",""name"":""Late Night Pulse"",""days"":[""Mon"",""Tue"",""Wed"",""Thu"",""Sun""],""startTime"":""22:00"",""endTime"":""02:00"",""description"":""$5 Well Drinks""}",,"true",,,,"{""Mon"":{""open"":""11:00"",""close"":""02:00""},""Tue"":{""open"":""11:00"",""close"":""02:00""},""Wed"":{""open"":""11:00"",""close"":""02:00""},""Thu"":{""open"":""11:00"",""close"":""02:00""},""Fri"":{""open"":""11:00"",""close"":""02:00""},""Sat"":{""open"":""11:00"",""close"":""02:00""},""Sun"":{""open"":""11:00"",""close"":""02:00""}}","hannahs","Hannah's is the definition of a 'comfortable' bar. It's where you go when you want a solid burger, a stiff drink, and to be surrounded by generations of Olympia history. It's high-energy on game days and karaoke nights, but welcoming every single day of the week.",,"true","true",,,,,,"true",,,"true","{}","{""lat"":47.0438886,""lng"":-122.9025985}",,"Hannah's Bar & Grill",,"Opening its doors in 1935, Hannah's has survived prohibition's end, several world changes, and countless downtown shifts, remaining a steady beacon of hospitality in the heart of the city.",,,"(360) 357-3768",,,,"sports, dive",,"buzzing","{""is_directory_listed"":true,""is_league_eligible"":true}","restaurant_bar","Classic American grill with a thick layer of local history.",,"https://hannahsoly.com/","{""friday"":[""Karaoke with DJ Mike""],""saturday"":[""Karaoke with DJ Mike""]}"
,"620 4th Ave E, Olympia, WA 98501, USA",,"{""has_manned_bar"":true,""minors_allowed"":true,""noise_level"":""Loud/Music""}",,,"0","{""x"":48,""y"":48}","{""score"":0,""lastUpdated"":1767436252597}",,,,,,,"full_kitchen",,"","Downtown_Walkable",,,,,,,,,,,"charlies-bar-grill",,,"true",,,,,,,"true",,,"true",,"{""lat"":47.04548200000001,""lng"":-122.8946206}",,"Charlie’s Bar & Grill",,,,,,"true",,,"sports, dive",,"buzzing","{""is_directory_listed"":true,""is_league_eligible"":true}","bar_pub","Sports, food, and drinks.",,"https://www.charlieson4th.com/",
,"414 4th Ave E, Olympia, WA 98501, USA",,"{""has_manned_bar"":true,""minors_allowed"":false,""noise_level"":""Loud/Music""}",,,"0","{""x"":49,""y"":49}","{""score"":0,""lastUpdated"":1767436252598}",,,,,,,"none_byof",,"","Downtown_Walkable",,,,,,,,,,,"wild-child",,,"true",,,,,,,"true",,,"true",,"{""lat"":47.045299,""lng"":-122.8972718}",,"Wild Child",,,,,,"true",,,"dive",,"buzzing","{""is_directory_listed"":true,""is_league_eligible"":true}","bar_pub","Modern and energetic.",,"https://wildchildolympia.com/",
,"107 7th Ave SE suite 101, Olympia, WA 98501, USA",,"{""has_manned_bar"":true,""minors_allowed"":false,""noise_level"":""Loud/Music""}",,,"0","{""x"":47,""y"":47}","{""score"":0,""lastUpdated"":1767436252598}",,,,,,,"none_byof",,"","Downtown_Walkable",,,,,,,,,,,"the-bus-stop",,,"true",,,,,,,"true",,,"true",,"{""lat"":47.042285,""lng"":-122.9008163}",,"The Bus Stop",,,,,,"true",,,"dive",,"chill","{""is_directory_listed"":true,""is_league_eligible"":true}","bar_pub","Wait for the bus, grab a drink.",,"https://www.thebusstopolympia.com/",
,"610 Water St SW, Olympia, WA 98501, USA",,"{""has_manned_bar"":true,""minors_allowed"":true,""noise_level"":""Conversational""}",,,"0","{""x"":43,""y"":43}","{""score"":0,""lastUpdated"":1767436252598}",,,,,,,"full_kitchen",,"","Downtown_Walkable",,,,,,,,,,,"octapas-cafe",,,"true",,,,,,,"true",,,"true",,"{""lat"":47.0427984,""lng"":-122.9036089}",,"Octapas Cafe",,,,,,"true",,,"",,"chill","{""is_directory_listed"":true,""is_league_eligible"":false}","restaurant_bar","Great food and atmosphere.",,"https://octapascafe.com/",
,"202 Columbia St NW, Olympia, WA 98501, USA",,"{""has_manned_bar"":true,""minors_allowed"":true,""noise_level"":""Conversational""}",,,"0","{""x"":39,""y"":39}","{""score"":0,""lastUpdated"":1767436252597}",,,,,,,"full_kitchen",,"","Downtown_Walkable",,,,,,,,,,,"cynara",,,"true",,,,,,,"true",,,"true",,"{""lat"":47.0484888,""lng"":-122.9033385}",,"Cynara Restaurant & Lounge",,,,,,"true",,,"dive",,"chill","{""is_directory_listed"":true,""is_league_eligible"":false}","restaurant_bar","Elegant dining and lounge.",,"https://cynaraolympia.com/",
,"2752 Pacific Ave SE, Olympia, WA 98501, USA",,"{""has_manned_bar"":true,""minors_allowed"":true,""noise_level"":""Social""}",,,"0","{""x"":37,""y"":37}","{""score"":0,""lastUpdated"":1767436252597}",,,,,,,"full_kitchen",,"","Downtown_Walkable",,,,,,,,,,,"equal-latin",,,"true",,,,,,,"true",,,"true",,"{""lat"":47.0436623,""lng"":-122.8610616}",,"Equal Latin Restaurant & Bar",,,,,,"true",,,"",,"buzzing","{""is_directory_listed"":true,""is_league_eligible"":true}","restaurant_bar","Latin flavors and drinks.",,"https://www.experienceolympia.com/directory/equal-latin-restaurant-bar/",
,"514 Capitol Way S, Olympia, WA 98501, USA",,"{""has_manned_bar"":true,""minors_allowed"":true,""noise_level"":""Conversational""}",,,"0","{""x"":35,""y"":35}","{""score"":0,""lastUpdated"":1767436252598}",,,,,,,"full_kitchen",,"","Downtown_Walkable",,,,,,,,,,,"uptown-grill",,,"true",,,,,,,"true",,,"true",,"{""lat"":47.0438628,""lng"":-122.901298}",,"Uptown Grill",,,,,,"true",,,"",,"chill","{""is_directory_listed"":true,""is_league_eligible"":false}","restaurant_bar","Fine food in the uptown area.",,"https://www.uptowngrill514.com/",
,"402 4th Ave E, Olympia, WA 98501, United States",,"{""has_manned_bar"":true,""minors_allowed"":false,""noise_level"":""Loud/Music""}",,,"0",,"{""score"":0,""lastUpdated"":1767436252597}",,,,,,,"none_byof",,,"Downtown_Walkable",,,,,,,,,,,"the-china-clipper",,,"true",,,,,,,"true",,,"true",,"{""lat"":47.0454764,""lng"":-122.8977899}",,"The China Clipper",,,,,,"true",,,"dive, lgbtq, karaoke",,"chill","{""is_directory_listed"":true,""is_league_eligible"":true}","bar_pub","Iconic dive & legendary karaoke.",,,
,"404 4th Ave E, Olympia, WA 98501, USA",,"{""has_manned_bar"":true,""minors_allowed"":true,""noise_level"":""Loud/Music""}",,,"0","{""x"":33,""y"":33}","{""score"":0,""lastUpdated"":1767436252598}",,,,,,,"full_kitchen",,"","Downtown_Walkable",,,,,,,,,,,"le-voyeur",,,"true",,,,,,,"true",,,"true",,"{""lat"":47.0452605,""lng"":-122.8976951}",,"Le Voyeur",,,,,,"true",,,"dive",,"buzzing","{""is_directory_listed"":true,""is_league_eligible"":true}","bar_pub","Punk rock vegetarian/vegan spot.",,"http://www.levoyeurolympia.com/",
,"416 State Ave NE, Olympia, WA 98501, USA",,"{""has_manned_bar"":true,""minors_allowed"":false,""noise_level"":""Loud/Music""}",,,"0","{""x"":31,""y"":31}","{""score"":0,""lastUpdated"":1767436252597}",,,,,,,"none_byof",,"{""id"":""pool_1"",""type"":""pool_table"",""name"":""Pool Table"",""count"":1,""status"":""active""}, {""id"":""pinball_1"",""type"":""pinball_machine"",""name"":""Pinball"",""count"":1,""status"":""active""}","Downtown_Walkable",,,,,,,,,,,"double-tap-tap-house",,,"true",,,,,,,"true",,,"true",,"{""lat"":47.0457568,""lng"":-122.8995825}",,"Double Tap Tap House",,,,,,"true",,,"dive",,"buzzing","{""is_directory_listed"":true,""is_league_eligible"":true}","bar_pub","Grand opening energy.",,"https://www.acmebarandcompany.com/",
,"210 4th Ave E, Olympia, WA 98501, USA",,"{""has_manned_bar"":true,""minors_allowed"":false,""noise_level"":""Loud/Music""}",,,"0","{""x"":29,""y"":29}","{""score"":0,""lastUpdated"":1767436252597}",,,,,,,"none_byof",,"","Downtown_Walkable",,,,,,,,,,,"4th-ave-tavern",,,"true",,,,,,,"true",,,"true",,"{""lat"":47.0451086,""lng"":-122.8999249}",,"4th Ave Tavern",,,,,,"true",,,"dive",,"buzzing","{""is_directory_listed"":true,""is_league_eligible"":true}","bar_pub","Olympia classic.",,"https://www.experienceolympia.com/directory/4th-ave-tavern/",
,"222 Capitol Way N, Olympia, WA 98501, USA",,"{""has_manned_bar"":false,""minors_allowed"":false,""noise_level"":""Conversational""}",,,"0",,,,,,,,,"none_byof",,"",,,,,,,,,,,,"locust-cider",,,"false",,,,,,,,,,"false",,"{""lat"":47.0464335,""lng"":-122.9015693}",,"Locust Cider (Olympia)",,"Permanently closed.",,,,,,,"",,"dead","{""is_directory_listed"":false,""is_league_eligible"":false}","brewery_taproom","Ghost",,,
,"4242 Capitol Blvd SE suite 111, Tumwater, WA 98501, USA",,"{""has_manned_bar"":false,""minors_allowed"":false,""noise_level"":""Conversational""}",,,"0",,,,,,,,,"none_byof",,"",,,,,,,,,,,,"finnriver-tumwater",,,"false",,,,,,,,,,"false",,"{""lat"":47.009579,""lng"":-122.9054629}",,"Finnriver (Tumwater)",,"Permanently closed. Failed to gain traction in the Craft District.",,,,,,,"",,"dead","{""is_directory_listed"":false,""is_league_eligible"":false}","brewery_taproom","Ghost",,,
,"2625 Reinhardt Ln NE Suite D, Lacey, WA 98516, USA",,"{""has_manned_bar"":false,""minors_allowed"":false,""noise_level"":""Conversational""}",,,"0",,,,,,,,,"none_byof",,"",,,,,,,,,,,,"madsen-family-cellars",,,"false",,,,,,,,,,"false",,"{""lat"":47.0706486,""lng"":-122.7802216}",,"Madsen Family Cellars",,,,,,,,,"wine_focus",,"dead","{""is_directory_listed"":false,""is_league_eligible"":false}","bar_pub","Ghost",,,
,"3442 180th Ave SW, Tenino, WA 98589, USA",,"{""has_manned_bar"":false,""minors_allowed"":false,""noise_level"":""Conversational""}",,,"0",,,,,,,,,"none_byof",,"",,,,,,,,,,,,"scatter-creek-winery",,,"false",,,,,,,,,,"false",,"{""lat"":46.8260541,""lng"":-122.9550442}",,"Scatter Creek Winery",,,,,,,,,"wine_focus",,"dead","{""is_directory_listed"":false,""is_league_eligible"":false}","bar_pub","Ghost",,,
,"407 Columbia St SW, Olympia, WA 98501, USA",,"{""has_manned_bar"":true,""minors_allowed"":true,""noise_level"":""Conversational""}",,,"0","{""x"":30,""y"":30}","{""score"":0,""lastUpdated"":1767436252598}",,,"An elegant Italian-inspired restaurant and bar known for its organic ingredients, refined cocktails, and beautiful courtyard dining.","info@themarkolympia.com","https://www.facebook.com/themarkolympia/",,"full_kitchen",,,"Downtown_Walkable",,,"{""id"":""mhh-1"",""name"":""Organic House Wine"",""price"":""$8"",""category"":""Drink""}, {""id"":""mhh-2"",""name"":""Bruschetta"",""price"":""$10"",""category"":""Food""}",,,,"true","true",,"{""Tue"":{""open"":""17:00"",""close"":""21:00""},""Wed"":{""open"":""17:00"",""close"":""21:00""},""Thu"":{""open"":""17:00"",""close"":""21:00""},""Fri"":{""open"":""17:00"",""close"":""22:00""},""Sat"":{""open"":""17:00"",""close"":""22:00""}}","the-mark-olympia","The Mark is where you go when you want to feel a bit fancy. The courtyard is arguably the most beautiful dining space in Olympia. Their commitment to organic and local ingredients isn't just talk—you can taste it in the food and the drinks. Perfect for a celebration or a high-end night out.","https://www.instagram.com/themarkolympia/","true","true",,"false",,,,"true","true",,"true",,"{""lat"":47.04439980000001,""lng"":-122.9029953}",,"The Mark Olympia",,"Dedicated to the principles of organic cooking and sustainable hospitality, The Mark has been a pioneer in Olympia's fine dining scene for years.",,,"(360) 754-4414",,"https://themarkolympia.com/reservations/",,"cocktail_focus, wine_focus, patio_garden",,"chill","{""is_directory_listed"":true,""is_league_eligible"":false}","restaurant_bar","Elegant, organic, and sophisticated.",,"https://themarkolympia.com/","{""friday"":[""Live Jazz (Select Fridays)""]}"
,,,,"100",,"0",,"{""score"":0,""lastUpdated"":1767436252598}",,,,,,,"full_kitchen",,,,,,,,,,,,,,"1886",,,"true",,,,,,,"false",,,"true",,"{""lat"":47.043895,""lng"":-122.9056458}",,"1886",,,,,,,,,,,"chill",,"restaurant_bar","Historic and elevated dining with a dedicated bar.",,,
,,,,"50",,"0",,"{""score"":0,""lastUpdated"":1767436252598}",,,,,,,"limited_kitchen",,,,,,,,,,,,,,"the-pig-bar",,,"true",,,,,,,"false",,,"true",,"{""lat"":47.0435126,""lng"":-122.8943541}",,"The Pig Bar",,,,,,,,,,,"chill",,"bar_pub","A local favorite for drinks and a solid bar menu.",,,
,,,,"150",,"0",,"{""score"":0,""lastUpdated"":1767436252598}",,,,,,,"full_kitchen",,,,,,,,,,,,,,"the-oyster-house",,,"true",,,,,,,"false",,,"true",,"{""lat"":47.04473,""lng"":-122.9052567}",,"The Oyster House",,,,,,,,,,,"chill",,"restaurant_bar","Waterfront dining with a legendary oyster bar.",,,
,,,,"60",,"0",,"{""score"":0,""lastUpdated"":1767436252598}",,,,,,,"none_byof",,,,,,,,,,,,,,"skep-and-skein",,,"true",,,,,,,"false",,,"true",,"{""lat"":47.046526,""lng"":-122.9277153}",,"Skep and Skein",,,,,,,,,,,"chill",,"bar_pub","Mead, cider, and beer in a cozy, intellectual atmosphere.",,,
,,,,"80",,"0",,"{""score"":0,""lastUpdated"":1767436252598}",,,,,,,"limited_kitchen",,,,,,,,,,,,,,"two-mile-house",,,"true",,,,,,,"false",,,"true",,"{""lat"":47.0469163,""lng"":-122.9555463}",,"Two Mile House",,,,,,,,,,,"chill",,"bar_pub","Classic neighborhood bar with local roots.",,,
,,,,"100",,"0",,"{""score"":0,""lastUpdated"":1767436252598}",,,,,,,"full_kitchen",,,,,,,,,,,,,,"buzzs-bar-and-grill",,,"true",,,,,,,"false",,,"true",,"{""lat"":47.0467639,""lng"":-122.9881223}",,"Buzz's Bar and Grill",,,,,,,,,,,"chill",,"bar_pub","Rowdy, fun, and serves some of the best bar food in town.",,,
,,,,"120",,"0",,"{""score"":0,""lastUpdated"":1767436252598}",,,,,,,"full_kitchen",,,,,,,,,,,,,,"the-iron-rabbit",,,"true",,,,,,,"false",,,"true",,"{""lat"":47.0456879,""lng"":-122.9274592}",,"The Iron Rabbit",,,,,,,,,,,"chill",,"restaurant_bar","Gastropub excellence with a fantastic cocktail program.",,,
,,,,"90",,"0",,"{""score"":0,""lastUpdated"":1767436252598}",,,,,,,"full_kitchen",,,,,,,,,,,,,,"cascadia",,,"true",,,,,,,"false",,,"true",,"{""lat"":47.044894,""lng"":-122.9031394}",,"Cascadia Grill",,,,,,,,,,,"chill",,"restaurant_bar","Eclectic menu and a warm, woody bar atmosphere.",,,
,"1720 4th Ave E, Olympia, WA 98506, USA",,,"80",,"0",,"{""score"":0,""lastUpdated"":1767436252598}",,,,,,,"full_kitchen",,,,,,,,,,"true",,,,"charro-mexican-restaurant","The outdoor seating is a must on a sunny day. Their daily happy hour from 2-5pm is one of the better kept secrets on the east side.",,"true",,,,,,,"false",,,"true",,"{""lat"":47.0452294,""lng"":-122.8985326}",,"Charro Mexican Restaurant",,,,,,,,,"mexican, outdoor_seating, family_friendly",,"chill",,"restaurant_bar","Authentic Mexican flavors in a vibrant, artistic space.",,,
,"222 Capitol Way N, Olympia, WA 98501, USA",,,"60",,"0",,"{""score"":0,""lastUpdated"":1767436252598}",,,,,,,"full_kitchen",,,,,,,,,,,,,,"chelsea-farms-oyster-bar","Second-generation shellfish farmers who know exactly what they're doing. The 21+ lounge area is perfect for escaping the market bustle for a focused cocktail and a dozen Chelsea Gems.",,"true",,,,,,,"false",,,"true",,"{""lat"":47.0464209,""lng"":-122.901616}",,"Chelsea Farms Oyster Bar",,,,,,,,,"seafood, oysters, cocktails, upscale_casual",,"chill",,"restaurant_bar","Tide-to-table excellence in a chic, marine-inspired market space.",,,
,"2440 Marvin Road NE, Lacey, WA 98516, USA",,,"200",,"0",,"{""score"":0,""lastUpdated"":1767436252598}",,,,,,,"full_kitchen",,,,,,,,,,,,,,"23-kitchens-lacey","The rooftop bar is the real MVP here. They use vertical rotisserie ovens since they have no fryers, so expect great sandwiches and tacos instead of the usual greasy appetizers. Plus, 11 pickleball courts means the energy is always high.",,"true",,,,,,,"false",,,"true",,"{""lat"":47.06892999999999,""lng"":-122.7679621}",,"23 Kitchens",,,,,,,,,"pickleball, sports, rooftop_bar, activity_focus",,"chill",,"restaurant_bar","The ultimate sports and socialization hub, featuring pickleball, rotisserie-style eats, and a self-serve tap wall.",,,
,"3430 Pacific Ave SE Ste D1, Olympia, WA 98501, USA",,,"150",,"0",,"{""score"":0,""lastUpdated"":1767436252598}",,,,,,,"full_kitchen",,,,,,,,,,,,,,"insert-coin-oly-lacey","The local version of the Centralia legend. Over 100 games, a self-pour tap wall, and burgers that actually hold their own. It transforms into 21+ after 11 PM, so plan your child-free session accordingly.",,"true",,,,,,,"false",,,"true",,"{""lat"":47.04254,""lng"":-122.8470425}",,"Insert Coin (Olympia/Lacey)",,,,,,,,,"arcade, retro, family_friendly, craft_beer",,"chill",,"arcade_bar","Nostalgic retro gaming meets modern craft beer and elevated bar fare.",,,
,"114 E St SW, Tumwater, WA 98501, USA",,,"120",,"0",,"{""score"":0,""lastUpdated"":1767436252598}",,,,,,,"full_kitchen",,,,,,,,,,"true",,,,"pints-barn","Order the oversized pretzel with beer cheese—it's a religious experience. The circular bar makes it easy to make friends, and the patio is arguably the best all-season outdoor space in the county.",,"true",,,,,,,"false",,,"true",,"{""lat"":47.01201450000001,""lng"":-122.9055804}",,"Pints Barn",,,,,,,,,"neighborhood, outdoor_patio, sports",,"chill",,"bar_pub","Rustic charm and local brotherhood; your 'home away from home' in Tumwater.",,,
,"1230 College St SE, Lacey, WA 98503, USA",,,"100",,"0",,"{""score"":0,""lastUpdated"":1767436252598}",,,,,,,"full_kitchen",,,,,,,,,,,,,,"pints-and-quarts","Wednesdays are the move—free BBQ with a drink purchase. It's a true neighborhood hub where everyone from military members to working pros and older couples rubs elbows. Very welcoming.",,"true",,,,,,,"false",,,"true",,"{""lat"":47.0361634,""lng"":-122.8227104}",,"Pints & Quarts",,,,,,,,,"neighborhood, sports, taco_tuesday",,"chill",,"bar_pub","Funky, local vibe with plenty of quirky memorabilia and a killer Bloody Mary bar.",,,
,"4611 Tumwater Valley Drive SE, Tumwater, WA 98501, USA",,,"150",,"0",,"{""score"":0,""lastUpdated"":1767436252598}",,,,,,,"full_kitchen",,,,,,,,,,"true",,,,"rivers-edge","The state-of-the-art setup makes it the best place in Tumwater to watch football. Don't sleep on the Dungeness Crab Cakes or their weekend breakfast menu.",,"true",,,,,,,"false",,,"true",,"{""lat"":47.0064742,""lng"":-122.9028415}",,"River's Edge",,,,,,,,,"sports_bar, golf_course, breakfast",,"chill",,"restaurant_bar","Premier sports bar and dining at the Tumwater Valley Golf Club.",,,
,"1225 Ruddell Rd SE, Lacey, WA 98503, USA",,,"300",,"0",,"{""score"":0,""lastUpdated"":1767436252598}",,,,,,,"full_kitchen",,,,,,,,,,,,,,"beat-drop-kitchen","They have 6,000 square feet of space. Wednesday is for country/line dancing, Friday is Latin/Salsa, and Saturday is the full club experience. The VIP booths with champagne are a nice touch for groups.",,"true",,,,,,,"false",,,"true",,"{""lat"":47.0356406,""lng"":-122.8185893}",,"Beat Drop Kitchen & Event Center",,,,,,,,,"dance_club, line_dancing, karaoke, latin_night",,"chill",,"restaurant_bar","All-ages restaurant by day, high-energy dance destination by night.",,,
,"1005 4th Ave E, Olympia, WA 98501, USA",,,"40",,"0",,"{""score"":0,""lastUpdated"":1767436252598}",,,,,,,"none_byof",,,,,,,,,,,,,,"cup-of-swords-tavern","Sundays are D&D days. Feel free to 'garb up'—they love it when people come in themed attire. They don't have a kitchen, but they're adjacent to Axis Meads and let you bring in your own food.",,"true",,,,,,,"false",,,"true",,"{""lat"":47.0453268,""lng"":-122.8896186}",,"Cup of Swords Tavern",,,,,,,,,"renaissance, mead, dnd, pet_friendly",,"chill",,"bar_pub","A permanent Renaissance Faire taproom where fantasy meets flavor.",,,
,"1870 Barnes Blvd SW, Tumwater, WA 98512, USA",,,"100",,"0",,"{""score"":0,""lastUpdated"":1767436252598}",,,,,,,"full_kitchen",,,,,,,,,,"true",,,,"hops-on-the-hill","The brisket is the real deal. Tuesdays are trivia nights, and they're one of the few places in Tumwater with a serious focus on premium bourbons alongside their craft tap list.",,"true",,,,,,,"false",,,"true",,"{""lat"":47.01913529999999,""lng"":-122.9224261}",,"Hops on the Hill",,,,,,,,,"bbq, craft_beer, bourbon, trivia",,"chill",,"bar_pub","Texas-style BBQ and craft beer haven in the South Sound.",,,
,"2030 Mottman Road SW, Tumwater, WA 98512, USA",,,"90",,"0",,"{""score"":0,""lastUpdated"":1767436252598}",,,,,,,"full_kitchen",,,,,,,,,,"true",,,,"the-office-tavern","The 10-foot screen is a sports fan's dream. No kids allowed, ever. Their 'Office Hour' (Happy Hour) runs all day Monday, which is the perfect way to start the week.",,"true",,,,,,,"false",,,"true",,"{""lat"":47.0256921,""lng"":-122.9281524}",,"The Office Tavern",,,,,,,,,"neighborhood, sports, 21_plus, outdoor_patio",,"chill",,"bar_pub","The local legend remodeled; friendly, community-focused, and 21+ only.",,,
,"1415 State Ave NE, Olympia, WA 98506, USA",,,"75",,"0",,"{""score"":0,""lastUpdated"":1767436252598}",,,,,,,"full_kitchen",,,,,,,,,,"true",,,,"state-and-central","The 'Juicy Lucy' is the local legend here. Weekend brunch is sneaky good, especially if you snag a spot on the sidewalk patio on a sunny morning. It's the ultimate neighborhood decompression zone.",,"true",,,,,,,"false",,,"true",,"{""lat"":47.0467875,""lng"":-122.8820143}",,"State & Central",,,,,,,,,"neighborhood, workingmans_hill, burger_joint, outdoor_seating",,"chill",,"bar_pub","A community hub in the heart of working-class Olympia history.",,,
,"2221 Pacific Ave SE, Olympia, WA 98501, USA",,,"100",,"0",,"{""score"":0,""lastUpdated"":1767436252598}",,,,,,,"full_kitchen",,,,,,,,,,"true",,,,"boulevard-tavern","Barstool Bingo on Wednesdays is mandatory local lore. Don't be fooled by the modest exterior; it's huge inside. The covered smoking area and free pool Sundays make it a classic reliable hangout.",,"true",,,,,,,"false",,,"true",,"{""lat"":47.0456111,""lng"":-122.8694233}",,"The Boulevard Tavern",,,,,,,,,"dive_bar, community_hub, bingo, covered_patio",,"chill",,"bar_pub","Unpretentious, spacious, and deeply rooted in the Eastside community.",,,
,"420 Steele St SE, Olympia, WA 98501, USA",,,"60",,"0",,"{""score"":0,""lastUpdated"":1767436252598}",,,,,,,"none_byof",,,,,,,,,,"true",,,,"northwest-beerwerks","With 32 taps and a massive selection of bottles, this is a gearhead's paradise for beer. The outdoor yard is one of the best spots in town to hang with your dog. No kitchen, so check the food truck schedule or BYO.",,"true",,,,,,,"false",,,"true",,"{""lat"":47.0453474,""lng"":-122.8662423}",,"Northwest Beerwerks",,,,,,,,,"craft_beer, dog_friendly, outdoor_patio, board_games",,"chill",,"bar_pub","Hip, relaxed taproom vibes in a beautifully renovated vintage home.",,,
,"2020 Pacific Ave SE, Olympia, WA 98501, USA",,,"50",,"0",,"{""score"":0,""lastUpdated"":1767436252598}",,,,,,,"full_kitchen",,,,,,,,,,,,,,"town-tavern","The definition of a 'hidden' bar on Pacific. It's got that perfect upbeat vibe with friendly bartenders who don't take any nonsense. Great for a quiet beer or a few rounds of pool away from the downtown noise.",,"true",,,,,,,"false",,,"true",,"{""lat"":47.0466842,""lng"":-122.8725422}",,"The Town Tavern",,,,,,,,,"hole_in_the_wall, neighborhood, pool_table, pull_tabs",,"chill",,"bar_pub","A genuine neighborhood dive where everyone actually knows your name.",,,
,"6318 Martin Way E, Lacey, WA 98516, USA",,,"120",,"0",,"{""score"":0,""lastUpdated"":1767436252598}",,,,,,,"full_kitchen",,,,,,,,,,,,,,"viking-lounge","Their margaritas are deceptively strong and remarkably good for a dive. Early bird breakfast (8-10am) is the best way to start a weekday. Stay late for the karaoke crowd—it's always a show.",,"true",,,,,,,"false",,,"true",,"{""lat"":47.0506496,""lng"":-122.7975329}",,"The Viking Lounge",,,,,,,,,"dive_bar, karaoke, bingo, breakfast",,"chill",,"bar_pub","High-energy dive bar with legendary karaoke and one of the best cheap breakfasts in Lacey.",,,
,"4411 Martin Way E, Olympia, WA 98516, USA",,,"180",,"0",,"{""score"":0,""lastUpdated"":1767436252598}",,,,,,,"full_kitchen",,,,,,,,,,,,,,"oblarneys-irish-pub","The Blarney Burger is an essential Olympia food group. They have a great balance between a quiet family dining area and a high-octane sports bar. Check out their Irish jam sessions for the real authentic feel.",,"true",,,,,,,"false",,,"true",,"{""lat"":47.0473849,""lng"":-122.8271327}",,"O'Blarney's Irish Pub",,,,,,,,,"irish_pub, sports_bar, trivia, family_friendly",,"chill",,"bar_pub","A massive, vibrant blend of traditional Irish spirits and local sports energy.",,,
,"5225 Yelm Hwy SE, Lacey, WA 98503, USA",,,"150",,"0",,"{""score"":0,""lastUpdated"":1767436252598}",,,,,,,"full_kitchen",,,,,,,,,,"true",,,,"firecreek-alehouse","The prime rib on Fridays and Saturdays is the main event. It feels like a mountain retreat right in the middle of Lacey. The patio overlooks the greens and is arguably the most peaceful place to have a beer in the county.",,"true",,,,,,,"false",,,"true",,"{""lat"":46.995635,""lng"":-122.812601}",,"Firecreek Alehouse",,,,,,,,,"golf_course_views, lodge_style, prime_rib, outdoor_seating",,"chill",,"restaurant_bar","Rustic lodge aesthetics with sweeping views of the Capitol City Golf Club.",,,
,"111 Tumwater Blvd SE, Tumwater, WA 98501, USA",,,"140",,"0",,"{""score"":0,""lastUpdated"":1767436252598}",,,,,,,"full_kitchen",,,,,,,,,,,,,,"farrellis-pizza-tumwater","Team Trivia on Wednesdays is the big draw and it gets packed. Their fire-pitting technique is no joke—the crust is some of the best in the South Sound. Great for groups and kids (they have a game room).",,"true",,,,,,,"false",,,"true",,"{""lat"":46.9831967,""lng"":-122.9046186}",,"Farrelli's Pizza (Tumwater)",,,,,,,,,"wood_fired_pizza, family_friendly, trivia, activity_focus",,"chill",,"restaurant_bar","Community-focused artisan pizza with a lively, family-friendly bar scene.",,,
,"4870 Yelm Highway, Lacey, WA 98503, USA",,,"130",,"0",,"{""score"":0,""lastUpdated"":1767436252598}",,,,,,,"full_kitchen",,,,,,,,,,,,,,"farrellis-pizza-lacey","This was the first store (est. 1995) and it still holds that original wood-fired energy. They've got pull-tabs and pool on the bar side, making it a favorite for the after-work crowd as much as for families.",,"true",,,,,,,"false",,,"true",,"{""lat"":46.99666999999999,""lng"":-122.819916}",,"Farrelli's Pizza (Lacey)",,,,,,,,,"wood_fired_pizza, heritage, sports, community_hub",,"chill",,"restaurant_bar","The original wood-fired pioneer of the region; iconic, warm, and highly social.",,,
,"9030 Martin Way E, Olympia, WA 98516, USA",,,"85",,"0",,"{""score"":0,""lastUpdated"":1767436252598}",,,,,,,"full_kitchen",,,,,,,,,,"true",,,,"cedar-inn","Best Bloody Marys in the Hawks Prairie corridor. It's a classic neighborhood spot where you can grab a Philly cheesesteak and some deep-fried mushrooms while playing a round of darts. It feels like a true community living room.",,"true",,,,,,,"false",,,"true",,"{""lat"":47.0605097,""lng"":-122.7476951}",,"The Cedar Inn",,,,,,,,,"tavern, neighborhood, bloody_marys, covered_patio",,"chill",,"bar_pub","Welcoming, down-to-earth tavern with a friendly country pulse.",,,
,"922 Hensley St NE, Olympia, WA 98516, USA",,,"110",,"0",,"{""score"":0,""lastUpdated"":1767436252598}",,,,,,,"full_kitchen",,,,,,,,,,,,,,"sampan-bar-grill","You have to try the 'Flaming Lemon Drop'—it's their signature move. A historic landmark since 1978, it's one of the few places in the area where you can transition seamlessly from sushi to a packed dance floor with karaoke.",,"true",,,,,,,"false",,,"true",,"{""lat"":47.0539741,""lng"":-122.7826308}",,"Sampan Bar & Grill",,,,,,,,,"japanese, karaoke, dance_floor, cocktails",,"chill",,"restaurant_bar","An energetic fusion of Japanese cuisine and high-spirited nightlife.",,,
,"12743 Old Hwy 99 SE, Tenino, WA 98589, USA",,,"150",,"0",,"{""score"":0,""lastUpdated"":1767436252598}",,,,,,,"full_kitchen",,,,,,,,,,"true",,,,"old-99-company-bar-grill","The brisket and chicken fried steak are top-tier. Even though it's technically in Tenino, it's a mandatory stop for the south-county crowd. The metal outdoor building with heaters makes it a great year-round spot for a beer.",,"true",,,,,,,"false",,,"true",,"{""lat"":46.9030994,""lng"":-122.8586036}",,"Old Hwy 99 Company Bar & Grill",,,,,,,,,"biker_friendly, scratch_kitchen, outdoor_patio, homestyle",,"chill",,"bar_pub","A massive, welcoming roadside retreat featuring high-quality scratch cooking.",,,
,"1815 Harrison Ave NW, Olympia, WA 98502, USA",,,"80",,"0",,"{""score"":0,""lastUpdated"":1767436252598}",,,,,,,"full_kitchen",,,,,,,,,,"true",,,,"westside-tavern","The 'Slayer Burger' (bacon + avocado) and their award-winning Tavern Burger are non-negotiable. It's owned by the same folks as Hash, so you know the quality is there despite the low-key dive atmosphere. Eclectic, warm, and very local.",,"true",,,,,,,"false",,,"true",,"{""lat"":47.0458322,""lng"":-122.9243519}",,"The Westside Tavern",,,,,,,,,"dive_bar, comfort_food, award_winning_burgers, neighborhood",,"chill",,"bar_pub","A local Olympia dive with a 'Cheers' heart and some of the best pub food in the region.",,,
,"4250 Martin Way E Ste 101, Olympia, WA 98507, USA",,,"70",,"0",,"{""score"":0,""lastUpdated"":1767436252598}",,,,,,,"limited_kitchen",,,,,,,,,,"true",,,,"puget-sound-taps","34 beverages on tap means you'll always find something new. Their pizza is surprisingly legit for a taproom, and their 'Monthly Special Pizza' is always worth a look. Pet-friendly and great for group beers.",,"true",,,,,,,"false",,,"true",,"{""lat"":47.0483911,""lng"":-122.8304187}",,"Puget Sound Taps",,,,,,,,,"craft_beer, pizza, dog_friendly, flights",,"chill",,"bar_pub","A locally owned tap house with a massive rotating selection and friendly service.",,,
,"324 Custer Way SW, Tumwater, WA 98501, USA",,,"45",,"0",,"{""score"":0,""lastUpdated"":1767436252598}",,,,,,,"limited_kitchen",,,,,,,,,,,,,,"nocturnal-hound","Opened in 2024, it's the newest crown jewel of Tumwater's social scene. Amazing focus on WA/OR wines, mead, and cider. Their charcuterie boards and burrata are the perfect sophisticated pairing for a quiet rainy evening.",,"true",,,,,,,"false",,,"true",,"{""lat"":47.0169241,""lng"":-122.9015834}",,"The Nocturnal Hound",,,,,,,,,"wine_bar, bottle_shop, charcuterie, upscale_casual",,"chill",,"winery_tasting","A cozy, sophisticated wine bar and bottle shop specializing in local gems.",,,
,"2200 Garfield Ave NW Ste 1, Olympia, WA 98502, USA",,,"130",,"0",,"{""score"":0,""lastUpdated"":1767436252598}",,,,,,,"full_kitchen",,,,,,,,,,"true",,,,"omalleys-lounge","Hidden next to Westside Lanes. 16 TVs and two projectors make it one of the most reliable places to catch a game. They have live music frequently and a surprisingly spacious outdoor area for a bowling alley lounge.",,"true",,,,,,,"false",,,"true",,"{""lat"":47.0472891,""lng"":-122.9284169}",,"O'Malley's Lounge",,,,,,,,,"sports_bar, bowling_adjacent, live_music, darts",,"chill",,"bar_pub","A laid-back Westside staple attached to the bowling alley, perfect for sports and groups.",,,
,"3420 Pacific Ave SE, Olympia, WA 98501, USA",,,"90",,"0",,"{""score"":0,""lastUpdated"":1767436252598}",,,,,,,"full_kitchen",,,,,,,,,,,,,,"fatsos-bar-grill","Their clam chowder is award-winning for a reason—don't skip it. It's a very chill, family-owned vibe where the service is as warm as the homemade soups. Great low-key spot for a burger and a game.",,"true",,,,,,,"false",,,"true",,"{""lat"":47.0465309,""lng"":-122.8522287}",,"Fatso's Bar & Grill",,,,,,,,,"neighborhood, homestyle_cooking, clam_chowder, sports",,"chill",,"bar_pub","Friendly, old-school bar and grill focused on home-cooked favorites and community.",,,
,"12819 Yelm Hwy SE, Olympia, WA 98513, USA",,,"50",,"0",,"{""score"":0,""lastUpdated"":1767436252598}",,,,,,,"snacks",,,,,,,,,,,,,,"red-wind-pealos","The centerpiece of the casino. Perfect for high-end spirits and watching the floor energy from a plush seat.",,"true",,,,,,,"false",,,"true",,"{""lat"":47.0000996,""lng"":-122.6675914}",,"Pealo's Bar (Nisqually Red Wind Casino)",,,,,,,,,"casino, cocktails, upscale",,"chill",,"bar_pub","Sophisticated cocktails in the heart of the Red Wind action.",,,
,"12819 Yelm Hwy SE, Olympia, WA 98513, USA",,,"100",,"0",,"{""score"":0,""lastUpdated"":1767436252598}",,,,,,,"limited_kitchen",,,,,,,,,,,,,,"red-wind-coho","Wall-to-wall screens and a dedicated sportsbook vibe. If you want to watch the game while surrounded by casino energy, this is the spot.",,"true",,,,,,,"false",,,"true",,"{""lat"":47.0000996,""lng"":-122.6675914}",,"Coho Sports Lounge (Nisqually Red Wind Casino)",,,,,,,,,"sports_bar, casino, betting",,"chill",,"bar_pub","The South Sound's premier casino sports destination.",,,
,"12819 Yelm Hwy SE, Olympia, WA 98513, USA",,,"150",,"0",,"{""score"":0,""lastUpdated"":1767436252598}",,,,,,,"full_kitchen",,,,,,,,,,,,,,"red-wind-river-water","Their seafood selection is impressive. It brings a touch of fine dining to the casino floor without losing the approachable Northwest feel.",,"true",,,,,,,"false",,,"true",,"{""lat"":47.0000996,""lng"":-122.6675914}",,"River Water Bar and Grille (Nisqually Red Wind Casino)",,,,,,,,,"seafood, steakhouse, casino",,"chill",,"restaurant_bar","Elegant dining featuring Northwest favorites and casino luxury.",,,
,"12888 188th Ave SW, Rochester, WA 98579, USA",,,"120",,"0",,"{""score"":0,""lastUpdated"":1767436252598}",,,,,,,"full_kitchen",,,,,,,,,,,,,,"lucky-eagle-legends","The local hub for major fight nights and game days. Great energy and quick service for those on a hot streak.",,"true",,,,,,,"false",,,"true",,"{""lat"":46.8140909,""lng"":-123.1542509}",,"Legends Sports Bar (Lucky Eagle Casino)",,,,,,,,,"sports_bar, casino, activity_focus",,"chill",,"bar_pub","High-energy sports gaming and classic bar favorites.",,,
,"12888 188th Ave SW, Rochester, WA 98579, USA",,,"80",,"0",,"{""score"":0,""lastUpdated"":1767436252598}",,,,,,,"full_kitchen",,,,,,,,,,,,,,"lucky-eagle-crafthouse","Surprisingly high-quality pizza for a casino environment. It's the perfect spot for a more relaxed meal away from the slots.",,"true",,,,,,,"false",,,"true",,"{""lat"":46.8140909,""lng"":-123.1542509}",,"Crafthouse Wood Fired Pizza (Lucky Eagle Casino)",,,,,,,,,"pizza, casino, craft_beer",,"chill",,"restaurant_bar","Artisanal wood-fired pizza and a solid craft tap list.",,,
,"108 E Yelm Ave, Yelm, WA 98597, USA",,,"80",,"0",,"{""score"":0,""lastUpdated"":1767436252598}",,,,,,,"full_kitchen",,,,,,,,,,,,,,"bobs-bar-grill-yelm","One of the oldest bars in Yelm. Their 'mango habanero' wings are legendary. It's a true social heartbeat of the town—grab a beer, play some pool, and enjoy the courtyard.",,"true",,,,,,,"false",,,"true",,"{""lat"":46.9417292,""lng"":-122.6058268}",,"Bob's Bar & Grill",,,,,,,,,"neighborhood, historical, wings, pool_hall",,"chill",,"bar_pub","Laid-back Yelm institution since 1955 with a strong local following.",,,
,"307 E Yelm Ave, Yelm, WA 98597, USA",,,"90",,"0",,"{""score"":0,""lastUpdated"":1767436252598}",,,,,,,"full_kitchen",,,,,,,,,,,,,,"the-local-yelm","The 'Chicken Poutine' and hand-cut steaks set the bar high. It's the perfect blend of a neighborhood pub and a quality dining room. Great craft cocktails for the Yelm crowd.",,"true",,,,,,,"false",,,"true",,"{""lat"":46.9400768,""lng"":-122.6036737}",,"The Local Yelm",,,,,,,,,"elevated_pub_fare, cocktails, family_friendly, locally_sourced",,"chill",,"restaurant_bar","Family-friendly eatery focused on community and elevated scratch-made comfort.",,,
,"608 E Yelm Ave, Yelm, WA 98597, USA",,,"70",,"0",,"{""score"":0,""lastUpdated"":1767436252598}",,,,,,,"limited_kitchen",,,,,,,,,,,,,,"507-taproom-yelm","Housed in a historical bank building. The rotating tap list is massive and ever-changing. Food comes from 'The Grill @507' inside—try the Blue Cheese Smash Burger.",,"true",,,,,,,"false",,,"true",,"{""lat"":46.9385503,""lng"":-122.5993195}",,"507 Taproom & Filling Station",,,,,,,,,"craft_beer, specialty_cider, industrial_vibe, 21_plus",,"chill",,"bar_pub","Vibrant craft beverage hub housed in a former bank with 32 rotating taps.",,,
,"201 Prairie Park St NE, Yelm, WA 98597, USA",,,"110",,"0",,"{""score"":0,""lastUpdated"":1767436252598}",,,,,,,"full_kitchen",,,,,,,,,,,,,,"uptown-lounge-yelm","Adjacent to the cinema—perfect for a dinner-and-movie night. Famous for Truffle Fries and the 'Smoked Old Fashion.' The hometown burgers are arguably Yelm's finest.",,"true",,,,,,,"false",,,"true",,"{""lat"":46.9400367,""lng"":-122.5993141}",,"Uptown Lounge",,,,,,,,,"burgers, cocktails, 21_plus, piano_bar",,"chill",,"restaurant_bar","Chic yet casual 21+ destination with award-winning fries and elite cocktails.",,,
,"107 E Yelm Ave, Yelm, WA 98597, USA",,,"60",,"0",,"{""score"":0,""lastUpdated"":1767436252598}",,,,,,,"limited_kitchen",,,,,,,,,,,,,,"white-horse-tavern-yelm","Authentic 1940s character with old slide bars and cabinet coolers. It's a local favorite for karaoke and honest steak tacos. The back patio is a hidden Yelm gem.",,"true",,,,,,,"false",,,"true",,"{""lat"":46.9415523,""lng"":-122.6061765}",,"White Horse Tavern",,,,,,,,,"dive_bar, historical, biker_friendly, karaoke",,"chill",,"bar_pub","Historical downtown tavern with deep roots and a lively biker-friendly patio.",,,
,"15425 Mosman Ave SW, Yelm, WA 98597, USA",,,"120",,"0",,"{""score"":0,""lastUpdated"":1767436252598}",,,,,,,"full_kitchen",,,,,,,,,,,,,,"tahoma-valley-bar-grill","Located at the golf club. The ribeye and the Bloody Marys are the gold standard here. It's the best breakfast view in Yelm—perfect for a post-round meal.",,"true",,,,,,,"false",,,"true",,"{""lat"":46.9415306,""lng"":-122.6123414}",,"Tahoma Valley Bar & Grill",,,,,,,,,"golf_course_views, breakfast, steakhouse, family_friendly",,"chill",,"restaurant_bar","Cozy dining with sweeping golf course views and hearty classic comfort.",,,
,"717 Yelm Ave E, Yelm, WA 98597, USA",,,"100",,"0",,"{""score"":0,""lastUpdated"":1767436252598}",,,,,,,"full_kitchen",,,,,,,,,,,,,,"mariachi-alegre-yelm","Legendary margaritas and the 'Steak Mariachi' (with bacon and mushrooms) keep people coming back. It's a local favorite for birthday celebrations and consistent flavors.",,"true",,,,,,,"false",,,"true",,"{""lat"":46.9335779,""lng"":-122.5881996}",,"Mariachi Alegre",,,,,,,,,"mexican, margaritas, family_friendly, authentic",,"chill",,"restaurant_bar","Warm and homey Mexican hospitality with vibrant family atmosphere.",,,
,"106 Prairie Park St, Yelm, WA 98597, USA",,,"45",,"0",,"{""score"":0,""lastUpdated"":1767436252598}",,,,,,,"snacks",,,,,,,,,,,,,,"gracious-grape-yelm","Yelm's premier wine destination. They host a 'Book & a Bottle' club and focus on smaller producers. Excellent artisan charcuterie boards to pair with your flight.",,"true",,,,,,,"false",,,"true",,"{""lat"":46.93911689999999,""lng"":-122.5997074}",,"Gracious Grape",,,,,,,,,"wine_bar, bottle_shop, educational, small_plates",,"chill",,"winery_tasting","Sophisticated and approachable wine haven with a Pacific Northwest focus.",,,
,"813 W Yelm Ave, Yelm, WA 98597, USA",,,"140",,"0",,"{""score"":0,""lastUpdated"":1767436252598}",,,,,,,"full_kitchen",,,,,,,,,,,,,,"farrellis-yelm","The local sports hub for families. Famous for Northwest Traditional pizza and their 'Kids Eat Free' nights. The outdoor patio is a top-tier summer spot.",,"true",,,,,,,"false",,,"true",,"{""lat"":46.9475032,""lng"":-122.6173418}",,"Farrelli's Pizza (Yelm)",,,,,,,,,"pizza, sports_bar, family_friendly, outdoor_seating",,"chill",,"restaurant_bar","Award-winning pizza and high-energy sports lounge environment.",,,
,"404 1st St S, Yelm, WA 98597, USA",,,"75",,"0",,"{""score"":0,""lastUpdated"":1767436252598}",,,,,,,"full_kitchen",,,,,,,,,,,,,,"tommys-tavern-yelm","Located in the heart of downtown Yelm. It's a premier spot for picking up the town's vibe, especially on nights with live music or big games. A true local character hangout.",,"true",,,,,,,"false",,,"true",,"{""lat"":46.9398069,""lng"":-122.6093072}",,"Tommy's Tavern",,,,,,,,,"neighborhood, live_entertainment, sports_bar",,"chill",,"bar_pub","A centrally located Yelm staple with high-energy live entertainment and local spirit.",,,
,"8318 Quinault Dr NE, Lacey, WA 98516, USA",,,"90",,"0",,"{""score"":0,""lastUpdated"":1767436252598}",,,,,,,"full_kitchen",,,,,,,,,,,,,,"fortune-casino-riverbend","One of the few spots in Lacey where you can get a full menu of Asian-inspired dishes and classic American fare until late. Very friendly service.",,"true",,,,,,,"false",,,"true",,"{""lat"":47.0627886,""lng"":-122.7624272}",,"The Riverbend Restaurant (Fortune Casino)",,,,,,,,,"casino, family_friendly, asian_fusion",,"chill",,"restaurant_bar","Diverse menu and classic casino hospitality in Lacey.",,,
,"6524 128th Ave SW, Olympia, WA 98512, USA",,,"60",,"0",,"{""score"":0,""lastUpdated"":1767436252598}",,,,,,,"full_kitchen",,,,,,,,,,,,,,"littlerock-saloon","If you want that authentic out-in-the-country feel, this is it. Honest drinks, friendly locals, and a vibe that hasn't changed in decades.",,"true",,,,,,,"false",,,"true",,"{""lat"":46.9019958,""lng"":-123.0214526}",,"Littlerock Saloon",,,,,,,,,"saloon, dive_bar, neighborhood",,"chill",,"bar_pub","A true rustic saloon with deep roots in the Littlerock community.",,,
,"8200 Quinault Dr NE, Lacey, WA 98516, USA",,,"100",,"0",,"{""score"":0,""lastUpdated"":1767436252598}",,,,,,,"full_kitchen",,,,,,,,,,,,,,"mextiza-by-el-serape","Formerly the Lacey El Serape, now rebranded as Mextiza. It still has the legendary recipes but with a fresh, updated energy and an expanded cocktail program.",,"true",,,,,,,"false",,,"true",,"{""lat"":47.0476417,""lng"":-122.8346699}",,"MEXTIZA By: El Serape",,,,,,,,,"mexican, cocktails, family_friendly",,"chill",,"restaurant_bar","Elevated Mexican dining experience with a modern Lacey twist.",,,
,"4520 Pacific Ave SE, Lacey, WA 98503, USA",,,"110",,"0",,"{""score"":0,""lastUpdated"":1767436252598}",,,,,,,"full_kitchen",,,,,,,,,,,,,,"mayan-pacific","A local institution. The portions are huge and the salsa has that exact consistent heat that locals have loved for years.",,"true",,,,,,,"false",,,"true",,"{""lat"":47.0378972,""lng"":-122.8249439}",,"The Mayan Family Mexican Restaurant (Pacific Ave)",,,,,,,,,"mexican, family_friendly, neighborhood",,"chill",,"restaurant_bar","Classic family hospitality and hearty Mexican tradition on Pacific Ave.",,,
,"4820 Yelm Hwy SE, Lacey, WA 98503, USA",,,"100",,"0",,"{""score"":0,""lastUpdated"":1767436252598}",,,,,,,"full_kitchen",,,,,,,,,,,,,,"mayan-yelm","A favorite for the south Lacey/Tumwater crowd. It carries that same consistent Mayan quality and is always a reliable spot for a large group.",,"true",,,,,,,"false",,,"true",,"{""lat"":46.9974107,""lng"":-122.8199886}",,"The Mayan Family Mexican Restaurant (Yelm Hwy)",,,,,,,,,"mexican, family_friendly, neighborhood",,"chill",,"restaurant_bar","Warm, welcoming Mexican dining center in the Yelm Hwy corridor.",,,
,"8125 Marvin Rd NE, Lacey, WA 98516, USA",,,"120",,"0",,"{""score"":0,""lastUpdated"":1767436252598}",,,,,,,"full_kitchen",,,,,,,,,,,,,,"mayan-marvin","Perfectly situated for the north Lacey commuters. It's the newest of the three and maintains the high standard of the Mayan brand.",,"true",,,,,,,"false",,,"true",,"{""lat"":47.0657505,""lng"":-122.7656366}",,"The Mayan Family Mexican Restaurant (Marvin Rd)",,,,,,,,,"mexican, family_friendly, neighborhood",,"chill",,"restaurant_bar","Authentic Mexican flavors serving the Hawks Prairie community.",,,
,"5212 Capitol Blvd SE Unit A, Tumwater, WA 98501, USA",,,"85",,"0",,"{""score"":0,""lastUpdated"":1767436252598}",,,,,,,"full_kitchen",,,,,,,,,,,,,,"la-patrona-tumwater","Often overlooked but shouldn't be. Their tacos are legit and the atmosphere is always lively and welcoming.",,"true",,,,,,,"false",,,"true",,"{""lat"":47.0005071,""lng"":-122.9076942}",,"La Patrona",,,,,,,,,"mexican, vibrant, family_friendly",,"chill",,"restaurant_bar","A vibrant and authentic taste of Mexico in the heart of Tumwater.",,,
,"8100 Freedom Ln NE, Lacey, WA 98516, USA",,,"180",,"0",,"{""score"":0,""lastUpdated"":1767436252598}",,,,,,,"full_kitchen",,,,,,,,,,,,,,"ram-lacey","The 'Buttface Amber' is the classic move here. It's a massive space that can handle the biggest sports crowds in Lacey. Consistent and reliable.",,"true",,,,,,,"false",,,"true",,"{""lat"":47.0620424,""lng"":-122.7689471}",,"The Ram Restaurant & Brewery (Lacey)",,,,,,,,,"sports_bar, family_friendly, craft_beer, burgers",,"chill",,"brewery_taproom","A sprawling sports hub with local brews and award-winning burgers.",,,
,"676 Woodland Square Loop SE, Lacey, WA 98503, USA",,,"120",,"0",,"{""score"":0,""lastUpdated"":1767436252598}",,,,,,,"full_kitchen",,,,,,,,,,,,,,"ricardos-lacey","Rick Nelsen's masterpiece. The dry-aged 'Sexy Beef' is the best steak in the county, period. The bar program is equally sophisticated.",,"true",,,,,,,"false",,,"true",,"{""lat"":47.0418641,""lng"":-122.825761}",,"Ricardo's Kitchen and Bar",,,,,,,,,"steakhouse, upscale, cocktails",,"chill",,"restaurant_bar","Sophisticated dining and exceptional dry-aged beef in the heart of Lacey.",,,
,"5212 Capitol Blvd SE, Tumwater, WA 98501, USA",,,"100",,"0",,"{""score"":0,""lastUpdated"":1767436252598}",,,,,,,"full_kitchen",,,,,,,,,,,,,,"plaza-jalisco-tumwater","A reliable neighborhood staple for years. It's a classic spot where you can always count on consistent food and friendly service.",,"true",,,,,,,"false",,,"true",,"{""lat"":47.0005071,""lng"":-122.9076942}",,"Plaza Jalisco",,,,,,,,,"mexican, family_friendly, neighborhood",,"chill",,"restaurant_bar","Authentic and welcoming Mexican tradition in the Tumwater corridor.",,,
,"10323 Martin Way E, Olympia, WA 98516, USA",,,"130",,"0",,"{""score"":0,""lastUpdated"":1767436252598}",,,,,,,"full_kitchen",,,,,,,,,,,,,,"nisqually-bar-grill","Directly off I-5 exit 114. The sports memorabilia collection is incredible, and the 19 beers on tap make it a premier stop for travelers and locals alike.",,"true",,,,,,,"false",,,"true",,"{""lat"":47.0666017,""lng"":-122.7201947}",,"Nisqually Bar & Grill",,,,,,,,,"sports_bar, family_friendly, comfort_food",,"chill",,"bar_pub","A welcoming blend of family grill and high-energy local pub.",,,
,"407 Columbia Street SW, Olympia, WA 98501, USA",,,"70",,"0",,"{""score"":0,""lastUpdated"":1767436252598}",,,,,,,"full_kitchen",,,,,,,,,,,,,,"the-mark-olympia","A woman-owned gem since 2001. The Roman-style pizza and curated Italian wine list are unmatched. It's cash-only, so come prepared for manual elegance.",,"true",,,,,,,"false",,,"true",,"{""lat"":47.04439980000001,""lng"":-122.9029953}",,"The Mark",,,,,,,,,"italian, upscale, cocktails, patio",,"chill",,"restaurant_bar","Intimate, artistic Italian dining with deep roots and authentic Roman style.",,,
,"325 4th Ave E, Olympia, WA 98501, USA",,,"60",,"0",,"{""score"":0,""lastUpdated"":1767436252598}",,,,,,,"full_kitchen",,,,,,,,,,,,,,"valentinas-lounge","The intimate seating around fireplaces and fountains makes it arguably the best date night spot in Olympia. The tequila and mezcal program is elite.",,"true",,,,,,,"false",,,"true",,"{""lat"":47.0450333,""lng"":-122.8981941}",,"Valentina's Lounge",,,,,,,,,"latin_fusion, upscale, cocktails, vibrant",,"chill",,"restaurant_bar","A romantic, vibrant Latin-inspired escape in the heart of downtown.",,,
,"208 State Ave NW, Olympia, WA 98501, USA",,,"140",,"0",,"{""score"":0,""lastUpdated"":1767436252598}",,,,,,,"full_kitchen",,,,,,,,,,,,,,"row-olympia","The waterfront patio is the best place to be in the summer. Their seafood focus and local craft bar program capture the essence of the South Sound perfectly.",,"true",,,,,,,"false",,,"true",,"{""lat"":47.0457683,""lng"":-122.9038764}",,"Row",,,,,,,,,"waterfront, seafood, upscale_casual, outdoor_seating",,"chill",,"restaurant_bar","Vibrant waterfront dining at the edge of historic Percival Landing.",,,
,"625 Black Lake Blvd SW Suite 530, Olympia, WA 98502, USA",,,"150",,"0",,"{""score"":0,""lastUpdated"":1767436252598}",,,,,,,"full_kitchen",,,,,,,,,,,,,,"stack-571-olympia","The 'Stackhouse' is the anchor of the mall's dining wing. Gourmet burgers and a whiskey selection that rivals anything downtown. The waffle fries with gorgonzola sauce are a local legend.",,"true",,,,,,,"false",,,"true",,"{""lat"":47.0425476,""lng"":-122.9351798}",,"Stack 571 Burger & Whiskey Bar",,,,,,,,,"burgers, whiskey_focus, upscale_casual",,"chill",,"restaurant_bar","A refined burger experience with a global whiskey library.",,,
,"313 Hodgden St S, Tenino, WA 98589, USA",,,"70",,"0",,"{""score"":0,""lastUpdated"":1767436252598}",,,,,,,"snacks",,,,,,,,,,,,,,"landmark-tavern-tenino","Established in 1906, it still feels like the town's heartbeat. It holds its history in its wood and its stories. Perfect for a beer after exploring the Tenino quarries.",,"true",,,,,,,"false",,,"true",,"{""lat"":46.8568906,""lng"":-122.8538492}",,"Landmark Tavern",,,,,,,,,"tavern, historical, neighborhood",,"chill",,"bar_pub","An authentic hometown bar in Tenino with legacy spanning over a century.",,,
,"4739 Avery Lane SE, Lacey, WA 98503, USA",,,"140",,"0",,"{""score"":0,""lastUpdated"":1767436252598}",,,,,,,"full_kitchen",,,,,,,,,,,,,,"hops-n-drops-lacey","The 'Icy Drops' are served in glasses that are literally made of ice. It's a high-energy community hub that's as good for families as it is for neighbors grabbing a drink.",,"true",,,,,,,"false",,,"true",,"{""lat"":46.9986176,""lng"":-122.823641}",,"Hops n Drops (Lacey)",,,,,,,,,"family_dining, cocktails, burgers",,"chill",,"restaurant_bar","A neighborhood gathering place known for its icy real-fruit drinks and hearty energy.",,,
,"709 Trosper Road SW, Tumwater, WA 98512, USA",,,"150",,"0",,"{""score"":0,""lastUpdated"":1767436252598}",,,,,,,"full_kitchen",,,,,,,,,,,,,,"brick-on-trosper","The 'Thick as a Brick' pizza is mandatory. It's the ultimate Tumwater hangout for a game or a large family meal. Welcoming, rustic, and always busy.",,"true",,,,,,,"false",,,"true",,"{""lat"":46.9995763,""lng"":-122.9177918}",,"The Brick on Trosper",,,,,,,,,"sports_bar, pizza, family_friendly",,"chill",,"restaurant_bar","A sprawling sports and family hub with a legendary brick oven.",,,
,"4444 6th Ave SE Suite 100, Lacey, WA 98503, USA",,,"60",,"0",,"{""score"":0,""lastUpdated"":1767436252598}",,,,,,,"limited_kitchen",,,,,,,,,,,,,,"pints-dog-house","The kitchen is technically a food truck outside, but the vibe inside is pure fun. Famous for their Field Roast sausages and the Lego wall. It's the perfect spot for families and dog owners alike.",,"true",,,,,,,"false",,,"true",,"{""lat"":47.0435447,""lng"":-122.8257925}",,"Pints Dog House",,,,,,,,,"gourmet_hot_dogs, family_friendly, pet_friendly, craft_beer",,"chill",,"restaurant_bar","Vibrant, Lego-walled haven for gourmet dogs and craft beer.",,,
,"2400 Marvin Rd NE Suite A, Lacey, WA 98516, USA",,,"120",,"0",,"{""score"":0,""lastUpdated"":1767436252598}",,,,,,,"full_kitchen",,,,,,,,,,,,,,"coopers-lacey","Locally owned and focused on regional ingredients. The whipped feta dip and their weekend brunch are standout performers. It's classy enough for a date but casual enough for a neighborhood catch-up.",,"true",,,,,,,"false",,,"true",,"{""lat"":47.0690432,""lng"":-122.7694053}",,"Cooper's Food & Drink",,,,,,,,,"neighborhood, cocktails, pnw_style, brunch",,"chill",,"restaurant_bar","Warm and welcoming neighborhood spot with elevated PNW comfort Food.",,,
,"1401 Marvin Rd NE STE 310, Lacey, WA 98516, USA",,,"100",,"0",,"{""score"":0,""lastUpdated"":1767436252598}",,,,,,,"full_kitchen",,,,,,,,,,,,,,"luckys-lacey","The move here is the 'All in One' omelet or the Cinnamon Roll French Toast. It's where you go when you need a real meal in a comfortable, no-pretense environment.",,"true",,,,,,,"false",,,"true",,"{""lat"":47.0600014,""lng"":-122.7663652}",,"Lucky's Restaurant & Bar",,,,,,,,,"breakfast_all_day, comfort_food, family_friendly",,"chill",,"restaurant_bar","Hearty comfort food and a legendary all-day breakfast menu.",,,
,"9018 Martin Way E, Lacey, WA 98516, USA",,,"80",,"0",,"{""score"":0,""lastUpdated"":1767436252598}",,,,,,,"full_kitchen",,,,,,,,,,,,,,"el-itacate-lacey","Their birria tacos are some of the most respected in the county. It's a true family-run gem that brings legitimate traditional recipes to the Lacey corridor.",,"true",,,,,,,"false",,,"true",,"{""lat"":47.0602206,""lng"":-122.7486078}",,"El Itacate Mexican Restaurant",,,,,,,,,"mexican, birria, authentic, family_friendly",,"chill",,"restaurant_bar","Authentic Mexican flavors and exceptional family service.",,,
,"7035 Pacific Ave SE, Olympia, WA 98503, USA",,,"100",,"0",,"{""score"":0,""lastUpdated"":1767436252598}",,,,,,,"full_kitchen",,,,,,,,,,,,,,"log-cabin-olympia","A local institution. The sourdough burgers are arguably the best in town. It transforms from a neighborhood grill to a high-energy karaoke hub on the weekends. Real history on the walls and in the wood.",,"true",,,,,,,"false",,,"true",,"{""lat"":47.0408383,""lng"":-122.7903289}",,"The Log Cabin Bar & Grill",,,,,,,,,"dive_bar, historical, burgers, karaoke",,"chill",,"bar_pub","Rustic charm powerhouse with award-winning sourdough burgers.",,,
,"4242 Capitol Blvd SE, Tumwater, WA 98501, USA",,,"50",,"0",,"{""score"":0,""lastUpdated"":1767436252598}",,,,,,,"snacks",,,,,,,,,,,,,,"percival-creek","Located in the Tumwater Craft District. It's the private label for SPSCC's Craft Brewing and Distilling program. You're literally tasting the future of the industry while supporting student education. Sleek, educational, and very cool.",,"true",,,,,,,"false",,,"true",,"{""lat"":47.009579,""lng"":-122.9054629}",,"Percival Creek",,,,,,,,,"craft_beer, distillery, educational, family_friendly",,"chill",,"bar_pub","Innovative tasting room fueled by the next generation of beverage makers.",,,
,"4242 Capitol Blvd SE Suite 110, Tumwater, WA 98501, USA",,,"90",,"0",,"{""score"":0,""lastUpdated"":1767436252598}",,,,,,,"full_kitchen",,,,,,,,,,,,,,"tumwater-taco","The homemade corn tortillas change the game. Their Quesabirria and private-label tequilas make it far more than just a taco joint. It's the stylish anchor of the Tumwater Craft District scene.",,"true",,,,,,,"false",,,"true",,"{""lat"":47.009579,""lng"":-122.9054629}",,"Tumwater Taco Company",,,,,,,,,"mexican, tequila_focus, industrial_vibe, homemade_tortillas",,"chill",,"restaurant_bar","Stylish, industrial-vibe Mexican destination with elite spirits.",,,
,"4242 Capitol Blvd SE Suite 140, Tumwater, WA 98501, USA",,,"40",,"0",,"{""score"":0,""lastUpdated"":1767436252598}",,,,,,,"snacks",,,,,,,,,,,,,,"wines-by-the-valley","Perfect for socializing and exploration. They allow you to bring in food from other Craft District vendors, making it the ultimate local hub for a sophisticated evening wine flight.",,"true",,,,,,,"false",,,"true",,"{""lat"":47.009579,""lng"":-122.9054629}",,"Wines by the Valley",,,,,,,,,"wine_bar, flight_focus, cozy, bottle_shop",,"chill",,"winery_tasting","Cozy, exploration-focused wine bar in the heart of the Craft District.",,,
,"6620 Sexton Dr NW, Olympia, WA 98502, USA",,,"85",,"0",,"{""score"":0,""lastUpdated"":1767436252598}",,,,,,,"full_kitchen",,,,,,,,,,,,,,"characters-corner","A favorite for locals after a hike. Their sausage gravy over biscuits is authentic and their 'pudding shots' are a unique local legend. Truly a neighborhood character.",,"true",,,,,,,"false",,,"true",,"{""lat"":47.07961359999999,""lng"":-123.0212786}",,"Character's Corner",,,,,,,,,"sports_bar, neighborhood, karaoke, breakfast",,"chill",,"bar_pub","Cozy culinary destination with a relaxed sports bar energy in NW Olympia.",,,
,"2100 Westbay Drive NW, Olympia, WA 98502, USA",,,"150",,"0",,"{""score"":0,""lastUpdated"":1767436252598}",,,,,,,"full_kitchen",,,,,,,,,,,,,,"tugboat-annies","A staple since 1999. You can rent a kayak directly from the dock and come back for their massive 'Barge Burger.' The sunset views over Westbay are unmatched.",,"true",,,,,,,"false",,,"true",,"{""lat"":47.0646058,""lng"":-122.9161232}",,"Tugboat Annie's",,,,,,,,,"waterfront, seafood, kayak_rentals, family_friendly",,"chill",,"restaurant_bar","Casual waterfront landmark featuring Budd Inlet views and nautical charm.",,,
,"400 Cooper Point Rd SW, Olympia, WA 98502, USA",,,"120",,"0",,"{""score"":0,""lastUpdated"":1767436252598}",,,,,,,"full_kitchen",,,,,,,,,,,,,,"emperors-palace-west","Serving since 1980. Their Hong Kong style roast pork is hand-prepared daily and the house-made cocktails add a fun kick to the traditional dining experience.",,"true",,,,,,,"false",,,"true",,"{""lat"":47.045404,""lng"":-122.940875}",,"Emperor's Palace (Westside)",,,,,,,,,"chinese_cuisine, cocktails, family_friendly",,"chill",,"restaurant_bar","Traditional Chinese excellence serving the Westside community for decades.",,,
,"62 SE Lynch Rd, Shelton, WA 98584, USA",,,"110",,"0",,"{""score"":0,""lastUpdated"":1767436252598}",,,,,,,"full_kitchen",,,,,,,,,,,,,,"taylor-station","The destination for fresh local razor clams and steamer oysters. It's a no-frills local powerhouse where the prime rib and the cozy lounge are always a hit.",,"true",,,,,,,"false",,,"true",,"{""lat"":47.14221389999999,""lng"":-123.0941057}",,"Taylor Station Restaurant & Lounge",,,,,,,,,"historical, steakhouse, neighborhood, seafood",,"chill",,"restaurant_bar","Authentic local comfort and fresh seafood in a cozy historical setting.",,,